# TriangleScene format v1
# Generated by VulkanRaymarcher

materials 13
mat 0 0.800000 0.800000 0.800000 1 0.915282 0.000000 0.000000 0.000000 0.000000
mat 1 0.061256 0.063007 0.102234 0 0.985361 0.000000 0.000000 0.000000 0.000000
mat 2 0.012982 0.012982 0.012982 0 0.370150 0.000000 0.000000 0.000000 0.000000
mat 3 0.510254 0.510254 0.510254 1 0.206179 0.000000 0.000000 0.000000 0.000000
mat 4 0.800000 0.800000 0.800000 1 0.060426 0.000000 0.000000 0.000000 0.000000
mat 5 0.800000 0.800000 0.800000 0 0.775942 0.000000 0.000000 0.000000 0.000000
mat 6 0.356263 0.394608 0.416270 1 0.370150 0.000000 0.000000 0.000000 0.000000
mat 7 0.158254 0.158254 0.158254 1 0.521975 0.000000 0.000000 0.000000 0.000000
mat 8 1.000000 1.000000 1.000000 3 0.000000 0.000000 30.000000 30.000000 30.000000
mat 9 0.600000 0.600000 0.600000 0 0.000000 0.000000 0.000000 0.000000 0.000000
mat 10 0.800000 0.750000 0.700000 0 0.000000 0.000000 0.000000 0.000000 0.000000
mat 11 0.900000 0.900000 0.900000 0 0.000000 0.000000 0.000000 0.000000 0.000000
mat 12 1.000000 1.000000 1.000000 3 0.000000 0.000000 15.000000 15.000000 15.000000

triangles 1136
tri 4.997566 -1.280931 4.197051 4.194616 -1.331315 4.197051 4.194616 -1.375401 -4.190022 1
tri 4.997566 -1.280931 4.197051 4.194616 -1.375401 -4.190022 4.997565 -1.280931 -4.190022 1
tri 4.194616 -1.331315 4.197051 4.194616 -1.375742 4.999999 -4.194616 -1.378208 5.000000 1
tri 4.194616 -1.331315 4.197051 -4.194616 -1.378208 5.000000 -4.194616 -1.261865 4.197051 1
tri 4.194616 -1.325868 -4.992972 4.194616 -1.375401 -4.190022 -4.194616 -1.378549 -4.197051 1
tri 4.194616 -1.325868 -4.992972 -4.194616 -1.378549 -4.197051 -4.194616 -1.286377 -5.000000 1
tri -4.194616 -1.261865 4.197051 -4.997566 -1.331314 4.197051 -4.997566 -1.280929 -4.197051 1
tri -4.194616 -1.261865 4.197051 -4.997566 -1.280929 -4.197051 -4.194616 -1.378549 -4.197051 1
tri 4.194616 -1.325868 -4.992972 4.991286 -1.381418 -4.849456 4.194616 -1.375401 -4.190022 1
tri 4.194616 -1.375401 -4.190022 4.991286 -1.381418 -4.849456 4.997565 -1.280931 -4.190022 1
tri -4.194616 -1.378208 5.000000 -4.997566 -1.331314 4.197051 -4.194616 -1.261865 4.197051 1
tri -4.997566 -1.331314 4.197051 -4.194616 -1.378208 5.000000 -4.912535 -1.381460 4.974641 1
tri -4.912535 -1.381460 4.974641 -4.194616 -1.378208 5.000000 -4.834570 -1.299994 5.000000 1
tri -4.194616 -1.378549 -4.197051 -4.991337 -1.381417 -4.856386 -4.194616 -1.286377 -5.000000 1
tri -4.991337 -1.381417 -4.856386 -4.194616 -1.378549 -4.197051 -4.997566 -1.280929 -4.197051 1
tri 4.873555 -1.381479 4.987258 4.194616 -1.331315 4.197051 4.997566 -1.280931 4.197051 1
tri 4.194616 -1.331315 4.197051 4.873555 -1.381479 4.987258 4.194616 -1.375742 4.999999 1
tri 4.997566 -1.033096 4.197051 4.997565 -1.033096 -4.190022 4.194616 -1.033096 -4.190022 2
tri 4.997566 -1.033096 4.197051 4.194616 -1.033096 -4.190022 4.194616 -1.033096 4.197051 2
tri 4.194616 -1.033096 4.197051 -4.194616 -1.033094 4.197051 -4.194616 -1.033094 5.000000 2
tri 4.194616 -1.033096 4.197051 -4.194616 -1.033094 5.000000 4.194616 -1.033096 4.999999 2
tri 4.194616 -1.033096 -4.992972 -4.194616 -1.033094 -5.000000 -4.194616 -1.033094 -4.197051 2
tri 4.194616 -1.033096 -4.992972 -4.194616 -1.033094 -4.197051 4.194616 -1.033096 -4.190022 2
tri -4.194616 -1.033094 4.197051 -4.194616 -1.033094 -4.197051 -4.997566 -1.033094 -4.197051 2
tri -4.194616 -1.033094 4.197051 -4.997566 -1.033094 -4.197051 -4.997566 -1.033094 4.197051 2
tri -4.194616 -1.033094 -5.000000 -4.991308 -1.033094 -4.856481 -4.194616 -1.033094 -4.197051 2
tri -4.194616 -1.033094 -4.197051 -4.991308 -1.033094 -4.856481 -4.997566 -1.033094 -4.197051 2
tri -4.912568 -1.033094 4.974480 -4.194616 -1.033094 4.197051 -4.997566 -1.033094 4.197051 2
tri -4.194616 -1.033094 4.197051 -4.912568 -1.033094 4.974480 -4.194616 -1.033094 5.000000 2
tri -4.194616 -1.033094 5.000000 -4.912568 -1.033094 4.974480 -4.834570 -1.033094 5.000000 2
tri 4.194616 -1.033096 4.999999 4.997566 -1.033096 4.197051 4.194616 -1.033096 4.197051 2
tri 4.997566 -1.033096 4.197051 4.194616 -1.033096 4.999999 4.873570 -1.033096 4.987238 2
tri 4.194616 -1.033096 -4.190022 4.991185 -1.033096 -4.849477 4.194616 -1.033096 -4.992972 2
tri 4.991185 -1.033096 -4.849477 4.194616 -1.033096 -4.190022 4.997565 -1.033096 -4.190022 2
tri 3.146854 -1.046214 -3.142739 4.194616 -1.046214 -3.142739 4.194616 -1.046214 -4.190501 3
tri 3.146854 -1.046214 -3.142739 4.194616 -1.046214 -4.190501 3.146854 -1.046214 -4.190501 3
tri -3.139722 -1.046213 -3.142739 -2.091960 -1.046213 -3.142739 -2.091959 -1.046213 -4.190502 3
tri -3.139722 -1.046213 -3.142739 -2.091959 -1.046213 -4.190502 -3.139722 -1.046213 -4.190502 3
tri -1.044197 -1.046214 -3.142740 0.003566 -1.046214 -3.142740 0.003566 -1.046214 -4.190502 3
tri -1.044197 -1.046214 -3.142740 0.003566 -1.046214 -4.190502 -1.044197 -1.046214 -4.190502 3
tri 1.051328 -1.046214 -3.142740 2.099091 -1.046214 -3.142739 2.099091 -1.046214 -4.190502 3
tri 1.051328 -1.046214 -3.142740 2.099091 -1.046214 -4.190502 1.051329 -1.046214 -4.190502 3
tri 2.099091 -1.046214 4.191599 3.146854 -1.046214 4.191600 3.146854 -1.046214 3.143837 3
tri 2.099091 -1.046214 4.191599 3.146854 -1.046214 3.143837 2.099091 -1.046214 3.143837 3
tri 2.099091 -1.046214 2.096075 3.146854 -1.046214 2.096075 3.146854 -1.046214 1.048312 3
tri 2.099091 -1.046214 2.096075 3.146854 -1.046214 1.048312 2.099091 -1.046214 1.048312 3
tri 2.099091 -1.046214 0.000549 3.146854 -1.046214 0.000549 3.146854 -1.046214 -1.047214 3
tri 2.099091 -1.046214 0.000549 3.146854 -1.046214 -1.047214 2.099091 -1.046214 -1.047214 3
tri 2.099091 -1.046214 -2.094976 3.146854 -1.046214 -2.094977 3.146854 -1.046214 -3.142739 3
tri 2.099091 -1.046214 -2.094976 3.146854 -1.046214 -3.142739 2.099091 -1.046214 -3.142739 3
tri 1.051328 -1.046214 3.143837 2.099091 -1.046214 3.143837 2.099091 -1.046214 2.096075 3
tri 1.051328 -1.046214 3.143837 2.099091 -1.046214 2.096075 1.051328 -1.046214 2.096074 3
tri 1.051328 -1.046214 1.048312 2.099091 -1.046214 1.048312 2.099091 -1.046214 0.000549 3
tri 1.051328 -1.046214 1.048312 2.099091 -1.046214 0.000549 1.051328 -1.046214 0.000549 3
tri 1.051328 -1.046214 -1.047214 2.099091 -1.046214 -1.047214 2.099091 -1.046214 -2.094976 3
tri 1.051328 -1.046214 -1.047214 2.099091 -1.046214 -2.094976 1.051328 -1.046214 -2.094976 3
tri 0.003566 -1.046214 4.191600 1.051329 -1.046214 4.191600 1.051328 -1.046214 3.143837 3
tri 0.003566 -1.046214 4.191600 1.051328 -1.046214 3.143837 0.003566 -1.046214 3.143837 3
tri 0.003566 -1.046214 2.096075 1.051328 -1.046214 2.096074 1.051328 -1.046214 1.048312 3
tri 0.003566 -1.046214 2.096075 1.051328 -1.046214 1.048312 0.003566 -1.046214 1.048312 3
tri 0.003566 -1.046214 0.000549 1.051328 -1.046214 0.000549 1.051328 -1.046214 -1.047214 3
tri 0.003566 -1.046214 0.000549 1.051328 -1.046214 -1.047214 0.003565 -1.046214 -1.047214 3
tri 0.003565 -1.046214 -2.094976 1.051328 -1.046214 -2.094976 1.051328 -1.046214 -3.142740 3
tri 0.003565 -1.046214 -2.094976 1.051328 -1.046214 -3.142740 0.003566 -1.046214 -3.142740 3
tri -1.044197 -1.046214 3.143837 0.003566 -1.046214 3.143837 0.003566 -1.046214 2.096075 3
tri -1.044197 -1.046214 3.143837 0.003566 -1.046214 2.096075 -1.044197 -1.046214 2.096075 3
tri -1.044197 -1.046214 1.048312 0.003566 -1.046214 1.048312 0.003566 -1.046214 0.000549 3
tri -1.044197 -1.046214 1.048312 0.003566 -1.046214 0.000549 -1.044197 -1.046214 0.000549 3
tri -1.044197 -1.046214 -1.047214 0.003565 -1.046214 -1.047214 0.003565 -1.046214 -2.094976 3
tri -1.044197 -1.046214 -1.047214 0.003565 -1.046214 -2.094976 -1.044197 -1.046214 -2.094976 3
tri -2.091959 -1.046213 4.191600 -1.044197 -1.046214 4.191600 -1.044197 -1.046214 3.143837 3
tri -2.091959 -1.046213 4.191600 -1.044197 -1.046214 3.143837 -2.091959 -1.046213 3.143837 3
tri -2.091959 -1.046213 2.096075 -1.044197 -1.046214 2.096075 -1.044197 -1.046214 1.048312 3
tri -2.091959 -1.046213 2.096075 -1.044197 -1.046214 1.048312 -2.091959 -1.046213 1.048312 3
tri -2.091960 -1.046213 0.000549 -1.044197 -1.046214 0.000549 -1.044197 -1.046214 -1.047214 3
tri -2.091960 -1.046213 0.000549 -1.044197 -1.046214 -1.047214 -2.091960 -1.046213 -1.047214 3
tri -2.091960 -1.046213 -2.094977 -1.044197 -1.046214 -2.094976 -1.044197 -1.046214 -3.142740 3
tri -2.091960 -1.046213 -2.094977 -1.044197 -1.046214 -3.142740 -2.091960 -1.046213 -3.142739 3
tri -3.139722 -1.046213 3.143837 -2.091959 -1.046213 3.143837 -2.091959 -1.046213 2.096075 3
tri -3.139722 -1.046213 3.143837 -2.091959 -1.046213 2.096075 -3.139722 -1.046213 2.096075 3
tri -3.139722 -1.046213 1.048312 -2.091959 -1.046213 1.048312 -2.091960 -1.046213 0.000549 3
tri -3.139722 -1.046213 1.048312 -2.091960 -1.046213 0.000549 -3.139722 -1.046213 0.000549 3
tri -3.139722 -1.046213 -1.047214 -2.091960 -1.046213 -1.047214 -2.091960 -1.046213 -2.094977 3
tri -3.139722 -1.046213 -1.047214 -2.091960 -1.046213 -2.094977 -3.139722 -1.046213 -2.094976 3
tri -4.187486 -1.046213 4.191600 -3.139723 -1.046213 4.191600 -3.139722 -1.046213 3.143837 3
tri -4.187486 -1.046213 4.191600 -3.139722 -1.046213 3.143837 -4.187486 -1.046213 3.143837 3
tri -4.187485 -1.046213 2.096074 -3.139722 -1.046213 2.096075 -3.139722 -1.046213 1.048312 3
tri -4.187485 -1.046213 2.096074 -3.139722 -1.046213 1.048312 -4.187485 -1.046213 1.048312 3
tri -4.187485 -1.046213 0.000549 -3.139722 -1.046213 0.000549 -3.139722 -1.046213 -1.047214 3
tri -4.187485 -1.046213 0.000549 -3.139722 -1.046213 -1.047214 -4.187485 -1.046213 -1.047214 3
tri -4.187485 -1.046213 -2.094976 -3.139722 -1.046213 -2.094976 -3.139722 -1.046213 -3.142739 3
tri -4.187485 -1.046213 -2.094976 -3.139722 -1.046213 -3.142739 -4.187485 -1.046213 -3.142739 3
tri 3.146854 -1.046214 3.143837 4.194616 -1.046214 3.143837 4.194617 -1.046214 2.096075 3
tri 3.146854 -1.046214 3.143837 4.194617 -1.046214 2.096075 3.146854 -1.046214 2.096075 3
tri 3.146854 -1.046214 1.048312 4.194616 -1.046214 1.048312 4.194616 -1.046214 0.000549 3
tri 3.146854 -1.046214 1.048312 4.194616 -1.046214 0.000549 3.146854 -1.046214 0.000549 3
tri 3.146854 -1.046214 -1.047214 4.194616 -1.046214 -1.047214 4.194616 -1.046214 -2.094977 3
tri 3.146854 -1.046214 -1.047214 4.194616 -1.046214 -2.094977 3.146854 -1.046214 -2.094977 3
tri -2.901150 -0.155417 3.698747 -2.901150 -0.079369 3.745854 -2.664901 -0.079369 3.464069 3
tri -2.901150 -0.155417 3.698747 -2.664901 -0.079369 3.464069 -2.664901 -0.155417 3.462499 3
tri -2.465758 -0.155417 3.510628 -2.401733 -0.079369 3.540893 -2.351057 -0.079369 3.764685 3
tri -2.465758 -0.155417 3.510628 -2.351057 -0.079369 3.764685 -2.351057 -0.155417 3.764685 3
tri -2.401733 -0.079369 3.540893 -2.465758 -0.155417 3.510628 -2.351057 -0.155417 3.764685 3
tri -2.401733 -0.079369 3.540893 -2.351057 -0.155417 3.764685 -2.351057 -0.079369 3.764685 3
tri 2.819387 -0.155417 3.563698 2.514672 -0.155417 3.454926 2.819387 -0.155417 3.764685 3
tri 2.269295 -0.155417 3.698747 2.269295 -0.079369 3.745854 2.586520 -0.079369 3.453438 3
tri 2.269295 -0.155417 3.698747 2.586520 -0.079369 3.453438 2.514672 -0.155417 3.454926 3
tri 2.514672 -0.155417 3.454926 2.586520 -0.079369 3.453438 2.819387 -0.079369 3.764685 3
tri 2.514672 -0.155417 3.454926 2.819387 -0.079369 3.764685 2.819387 -0.155417 3.764685 3
tri 2.586520 -0.079369 3.453438 2.819387 -0.079369 3.563698 2.819387 -0.079369 3.764685 3
tri 2.819387 -0.079369 3.563698 2.819387 -0.155417 3.563698 2.819387 -0.155417 3.764685 3
tri 2.819387 -0.079369 3.563698 2.819387 -0.155417 3.764685 2.819387 -0.079369 3.764685 3
tri -2.338484 -0.155417 -3.717416 -2.338484 -0.079369 -3.717416 -2.455455 -0.079369 -3.461088 3
tri -2.338484 -0.155417 -3.717416 -2.455455 -0.079369 -3.461088 -2.390163 -0.155417 -3.492620 3
tri -2.773876 -0.155417 -3.450786 -2.837900 -0.079369 -3.481050 -2.888577 -0.079369 -3.704843 3
tri -2.773876 -0.155417 -3.450786 -2.888577 -0.079369 -3.704843 -2.888577 -0.155417 -3.704843 3
tri -2.390163 -0.155417 -3.492620 -2.455455 -0.079369 -3.461088 -2.338484 -0.079369 -3.717416 3
tri -2.390163 -0.155417 -3.492620 -2.338484 -0.079369 -3.717416 -2.338484 -0.155417 -3.717416 3
tri -2.837900 -0.079369 -3.481050 -2.773876 -0.155417 -3.450786 -2.888577 -0.155417 -3.704843 3
tri -2.837900 -0.079369 -3.481050 -2.888577 -0.155417 -3.704843 -2.888577 -0.079369 -3.704843 3
tri 2.831960 -0.079369 -3.516428 2.514735 -0.079369 -3.393596 2.831960 -0.079369 -3.717416 3
tri 2.281868 -0.155417 -3.503855 2.586583 -0.155417 -3.395083 2.281868 -0.155417 -3.704843 3
tri 2.831960 -0.155417 -3.717416 2.831960 -0.079369 -3.717416 2.514735 -0.079369 -3.393596 3
tri 2.831960 -0.155417 -3.717416 2.514735 -0.079369 -3.393596 2.586583 -0.155417 -3.395083 3
tri 2.586583 -0.155417 -3.395083 2.514735 -0.079369 -3.393596 2.281868 -0.079369 -3.704843 3
tri 2.586583 -0.155417 -3.395083 2.281868 -0.079369 -3.704843 2.281868 -0.155417 -3.704843 3
tri 2.586583 -0.155417 -3.395083 2.831960 -0.155417 -3.516428 2.831960 -0.155417 -3.717416 3
tri 2.514735 -0.079369 -3.393596 2.281868 -0.079369 -3.503855 2.281868 -0.079369 -3.704843 3
tri 2.831960 -0.155417 -3.516428 2.831960 -0.079369 -3.516428 2.831960 -0.079369 -3.717416 3
tri 2.831960 -0.155417 -3.516428 2.831960 -0.079369 -3.717416 2.831960 -0.155417 -3.717416 3
tri 2.281868 -0.079369 -3.503855 2.281868 -0.155417 -3.503855 2.281868 -0.155417 -3.704843 3
tri 2.281868 -0.079369 -3.503855 2.281868 -0.155417 -3.704843 2.281868 -0.079369 -3.704843 3
tri -4.187485 -1.046213 -3.142739 -3.139722 -1.046213 -3.142739 -3.139722 -1.046213 -4.190502 4
tri -4.187485 -1.046213 -3.142739 -3.139722 -1.046213 -4.190502 -4.187485 -1.046213 -4.190502 4
tri -2.091960 -1.046213 -3.142739 -1.044197 -1.046214 -3.142740 -1.044197 -1.046214 -4.190502 4
tri -2.091960 -1.046213 -3.142739 -1.044197 -1.046214 -4.190502 -2.091959 -1.046213 -4.190502 4
tri 0.003566 -1.046214 -3.142740 1.051328 -1.046214 -3.142740 1.051329 -1.046214 -4.190502 4
tri 0.003566 -1.046214 -3.142740 1.051329 -1.046214 -4.190502 0.003566 -1.046214 -4.190502 4
tri 2.099091 -1.046214 -3.142739 3.146854 -1.046214 -3.142739 3.146854 -1.046214 -4.190501 4
tri 2.099091 -1.046214 -3.142739 3.146854 -1.046214 -4.190501 2.099091 -1.046214 -4.190502 4
tri 2.099091 -1.046214 3.143837 3.146854 -1.046214 3.143837 3.146854 -1.046214 2.096075 4
tri 2.099091 -1.046214 3.143837 3.146854 -1.046214 2.096075 2.099091 -1.046214 2.096075 4
tri 2.099091 -1.046214 1.048312 3.146854 -1.046214 1.048312 3.146854 -1.046214 0.000549 4
tri 2.099091 -1.046214 1.048312 3.146854 -1.046214 0.000549 2.099091 -1.046214 0.000549 4
tri 2.099091 -1.046214 -1.047214 3.146854 -1.046214 -1.047214 3.146854 -1.046214 -2.094977 4
tri 2.099091 -1.046214 -1.047214 3.146854 -1.046214 -2.094977 2.099091 -1.046214 -2.094976 4
tri 1.051329 -1.046214 4.191600 2.099091 -1.046214 4.191599 2.099091 -1.046214 3.143837 4
tri 1.051329 -1.046214 4.191600 2.099091 -1.046214 3.143837 1.051328 -1.046214 3.143837 4
tri 1.051328 -1.046214 2.096074 2.099091 -1.046214 2.096075 2.099091 -1.046214 1.048312 4
tri 1.051328 -1.046214 2.096074 2.099091 -1.046214 1.048312 1.051328 -1.046214 1.048312 4
tri 1.051328 -1.046214 0.000549 2.099091 -1.046214 0.000549 2.099091 -1.046214 -1.047214 4
tri 1.051328 -1.046214 0.000549 2.099091 -1.046214 -1.047214 1.051328 -1.046214 -1.047214 4
tri 1.051328 -1.046214 -2.094976 2.099091 -1.046214 -2.094976 2.099091 -1.046214 -3.142739 4
tri 1.051328 -1.046214 -2.094976 2.099091 -1.046214 -3.142739 1.051328 -1.046214 -3.142740 4
tri 0.003566 -1.046214 3.143837 1.051328 -1.046214 3.143837 1.051328 -1.046214 2.096074 4
tri 0.003566 -1.046214 3.143837 1.051328 -1.046214 2.096074 0.003566 -1.046214 2.096075 4
tri 0.003566 -1.046214 1.048312 1.051328 -1.046214 1.048312 1.051328 -1.046214 0.000549 4
tri 0.003566 -1.046214 1.048312 1.051328 -1.046214 0.000549 0.003566 -1.046214 0.000549 4
tri 0.003565 -1.046214 -1.047214 1.051328 -1.046214 -1.047214 1.051328 -1.046214 -2.094976 4
tri 0.003565 -1.046214 -1.047214 1.051328 -1.046214 -2.094976 0.003565 -1.046214 -2.094976 4
tri -1.044197 -1.046214 4.191600 0.003566 -1.046214 4.191600 0.003566 -1.046214 3.143837 4
tri -1.044197 -1.046214 4.191600 0.003566 -1.046214 3.143837 -1.044197 -1.046214 3.143837 4
tri -1.044197 -1.046214 2.096075 0.003566 -1.046214 2.096075 0.003566 -1.046214 1.048312 4
tri -1.044197 -1.046214 2.096075 0.003566 -1.046214 1.048312 -1.044197 -1.046214 1.048312 4
tri -1.044197 -1.046214 0.000549 0.003566 -1.046214 0.000549 0.003565 -1.046214 -1.047214 4
tri -1.044197 -1.046214 0.000549 0.003565 -1.046214 -1.047214 -1.044197 -1.046214 -1.047214 4
tri -1.044197 -1.046214 -2.094976 0.003565 -1.046214 -2.094976 0.003566 -1.046214 -3.142740 4
tri -1.044197 -1.046214 -2.094976 0.003566 -1.046214 -3.142740 -1.044197 -1.046214 -3.142740 4
tri -2.091959 -1.046213 3.143837 -1.044197 -1.046214 3.143837 -1.044197 -1.046214 2.096075 4
tri -2.091959 -1.046213 3.143837 -1.044197 -1.046214 2.096075 -2.091959 -1.046213 2.096075 4
tri -2.091959 -1.046213 1.048312 -1.044197 -1.046214 1.048312 -1.044197 -1.046214 0.000549 4
tri -2.091959 -1.046213 1.048312 -1.044197 -1.046214 0.000549 -2.091960 -1.046213 0.000549 4
tri -2.091960 -1.046213 -1.047214 -1.044197 -1.046214 -1.047214 -1.044197 -1.046214 -2.094976 4
tri -2.091960 -1.046213 -1.047214 -1.044197 -1.046214 -2.094976 -2.091960 -1.046213 -2.094977 4
tri -3.139723 -1.046213 4.191600 -2.091959 -1.046213 4.191600 -2.091959 -1.046213 3.143837 4
tri -3.139723 -1.046213 4.191600 -2.091959 -1.046213 3.143837 -3.139722 -1.046213 3.143837 4
tri -3.139722 -1.046213 2.096075 -2.091959 -1.046213 2.096075 -2.091959 -1.046213 1.048312 4
tri -3.139722 -1.046213 2.096075 -2.091959 -1.046213 1.048312 -3.139722 -1.046213 1.048312 4
tri -3.139722 -1.046213 0.000549 -2.091960 -1.046213 0.000549 -2.091960 -1.046213 -1.047214 4
tri -3.139722 -1.046213 0.000549 -2.091960 -1.046213 -1.047214 -3.139722 -1.046213 -1.047214 4
tri -3.139722 -1.046213 -2.094976 -2.091960 -1.046213 -2.094977 -2.091960 -1.046213 -3.142739 4
tri -3.139722 -1.046213 -2.094976 -2.091960 -1.046213 -3.142739 -3.139722 -1.046213 -3.142739 4
tri -4.187486 -1.046213 3.143837 -3.139722 -1.046213 3.143837 -3.139722 -1.046213 2.096075 4
tri -4.187486 -1.046213 3.143837 -3.139722 -1.046213 2.096075 -4.187485 -1.046213 2.096074 4
tri -4.187485 -1.046213 1.048312 -3.139722 -1.046213 1.048312 -3.139722 -1.046213 0.000549 4
tri -4.187485 -1.046213 1.048312 -3.139722 -1.046213 0.000549 -4.187485 -1.046213 0.000549 4
tri -4.187485 -1.046213 -1.047214 -3.139722 -1.046213 -1.047214 -3.139722 -1.046213 -2.094976 4
tri -4.187485 -1.046213 -1.047214 -3.139722 -1.046213 -2.094976 -4.187485 -1.046213 -2.094976 4
tri 3.146854 -1.046214 4.191600 4.194616 -1.046214 4.191600 4.194616 -1.046214 3.143837 4
tri 3.146854 -1.046214 4.191600 4.194616 -1.046214 3.143837 3.146854 -1.046214 3.143837 4
tri 3.146854 -1.046214 2.096075 4.194617 -1.046214 2.096075 4.194616 -1.046214 1.048312 4
tri 3.146854 -1.046214 2.096075 4.194616 -1.046214 1.048312 3.146854 -1.046214 1.048312 4
tri 3.146854 -1.046214 0.000549 4.194616 -1.046214 0.000549 4.194616 -1.046214 -1.047214 4
tri 3.146854 -1.046214 0.000549 4.194616 -1.046214 -1.047214 3.146854 -1.046214 -1.047214 4
tri 3.146854 -1.046214 -2.094977 4.194616 -1.046214 -2.094977 4.194616 -1.046214 -3.142739 4
tri 3.146854 -1.046214 -2.094977 4.194616 -1.046214 -3.142739 3.146854 -1.046214 -3.142739 4
tri 0.521080 -0.942455 2.229054 0.902917 -0.942455 2.610891 0.521080 -0.925099 2.996319 6
tri 0.521080 -0.942455 2.229054 0.521080 -0.925099 2.996319 -0.133925 -0.941077 2.610891 6
tri 0.907706 -0.127475 2.610891 0.521080 0.110207 2.224264 -0.125542 -0.127475 2.610891 6
tri 0.907706 -0.127475 2.610891 -0.125542 -0.127475 2.610891 0.521080 -0.361760 2.997517 6
tri 0.902917 -0.942455 2.610891 0.907706 -0.127475 2.610891 0.521080 -0.361760 2.997517 6
tri 0.902917 -0.942455 2.610891 0.521080 -0.361760 2.997517 0.521080 -0.925099 2.996319 6
tri 0.521080 -0.942455 2.229054 0.521080 0.110207 2.224264 0.907706 -0.127475 2.610891 6
tri 0.521080 -0.942455 2.229054 0.907706 -0.127475 2.610891 0.902917 -0.942455 2.610891 6
tri -0.133925 -0.941077 2.610891 -0.125542 -0.127475 2.610891 0.521080 0.110207 2.224264 6
tri -0.133925 -0.941077 2.610891 0.521080 0.110207 2.224264 0.521080 -0.942455 2.229054 6
tri 0.521080 -0.925099 2.996319 -0.133925 -0.941077 2.610891 0.155685 -0.932601 2.610891 6
tri 0.521080 -0.925099 2.996319 0.155685 -0.932601 2.610891 -0.133925 -0.941077 2.610891 6
tri -0.133925 -0.941077 2.610891 0.521080 -0.942455 2.229054 0.155685 -0.932601 2.610891 6
tri 0.155685 -0.932601 2.610891 0.521080 -0.942455 2.229054 -0.133925 -0.941077 2.610891 6
tri 0.521080 -0.925099 2.996319 0.521080 -0.361760 2.997517 -0.125542 -0.127475 2.610891 6
tri 0.521080 -0.925099 2.996319 -0.125542 -0.127475 2.610891 -0.133925 -0.941077 2.610891 6
tri -0.520556 -0.942455 2.229054 -0.133925 -0.941077 2.610891 -0.520556 -0.925099 2.996319 6
tri -0.520556 -0.942455 2.229054 -0.520556 -0.925099 2.996319 -0.902501 -0.929045 2.610891 6
tri -0.125542 -0.127475 2.610891 -0.520556 0.110207 2.224264 -0.907182 -0.127475 2.610891 6
tri -0.125542 -0.127475 2.610891 -0.907182 -0.127475 2.610891 -0.520556 -0.361760 2.997517 6
tri -0.133925 -0.941077 2.610891 -0.125542 -0.127475 2.610891 -0.520556 -0.361760 2.997517 6
tri -0.133925 -0.941077 2.610891 -0.520556 -0.361760 2.997517 -0.520556 -0.925099 2.996319 6
tri -0.520556 -0.942455 2.229054 -0.520556 0.110207 2.224264 -0.125542 -0.127475 2.610891 6
tri -0.520556 -0.942455 2.229054 -0.125542 -0.127475 2.610891 -0.133925 -0.941077 2.610891 6
tri -0.902501 -0.929045 2.610891 -0.907182 -0.127475 2.610891 -0.520556 0.110207 2.224264 6
tri -0.902501 -0.929045 2.610891 -0.520556 0.110207 2.224264 -0.520556 -0.942455 2.229054 6
tri -0.133925 -0.941077 2.610891 -0.520556 -0.925099 2.996319 -0.155161 -0.932601 2.610891 6
tri -0.155161 -0.932601 2.610891 -0.520556 -0.925099 2.996319 -0.133925 -0.941077 2.610891 6
tri -0.520556 -0.942455 2.229054 -0.133925 -0.941077 2.610891 -0.155161 -0.932601 2.610891 6
tri -0.520556 -0.942455 2.229054 -0.155161 -0.932601 2.610891 -0.133925 -0.941077 2.610891 6
tri -0.520556 -0.925099 2.996319 -0.520556 -0.361760 2.997517 -0.907182 -0.127475 2.610891 6
tri -0.520556 -0.925099 2.996319 -0.907182 -0.127475 2.610891 -0.902501 -0.929045 2.610891 6
tri 2.589965 -0.942455 2.229054 2.971802 -0.942455 2.610891 2.589965 -0.925099 2.996319 6
tri 2.589965 -0.942455 2.229054 2.589965 -0.925099 2.996319 2.208019 -0.929045 2.610891 6
tri 2.976592 -0.127475 2.610891 2.589965 0.110207 2.224264 2.203339 -0.127475 2.610891 6
tri 2.976592 -0.127475 2.610891 2.203339 -0.127475 2.610891 2.589965 -0.361760 2.997517 6
tri 2.971802 -0.942455 2.610891 2.976592 -0.127475 2.610891 2.589965 -0.361760 2.997517 6
tri 2.971802 -0.942455 2.610891 2.589965 -0.361760 2.997517 2.589965 -0.925099 2.996319 6
tri 2.589965 -0.942455 2.229054 2.589965 0.110207 2.224264 2.976592 -0.127475 2.610891 6
tri 2.589965 -0.942455 2.229054 2.976592 -0.127475 2.610891 2.971802 -0.942455 2.610891 6
tri 2.208019 -0.929045 2.610891 2.203339 -0.127475 2.610891 2.589965 0.110207 2.224264 6
tri 2.208019 -0.929045 2.610891 2.589965 0.110207 2.224264 2.589965 -0.942455 2.229054 6
tri 2.589965 -0.925099 2.996319 2.589965 -0.361760 2.997517 2.203339 -0.127475 2.610891 6
tri 2.589965 -0.925099 2.996319 2.203339 -0.127475 2.610891 2.208019 -0.929045 2.610891 6
tri 1.548330 -0.942455 2.229054 1.930166 -0.942455 2.610891 1.548330 -0.925099 2.996319 6
tri 1.548330 -0.942455 2.229054 1.548330 -0.925099 2.996319 1.166384 -0.929045 2.610891 6
tri 1.934956 -0.127475 2.610891 1.548330 0.110207 2.224264 1.161704 -0.127475 2.610891 6
tri 1.934956 -0.127475 2.610891 1.161704 -0.127475 2.610891 1.548330 -0.361760 2.997517 6
tri 1.930166 -0.942455 2.610891 1.934956 -0.127475 2.610891 1.548330 -0.361760 2.997517 6
tri 1.930166 -0.942455 2.610891 1.548330 -0.361760 2.997517 1.548330 -0.925099 2.996319 6
tri 1.548330 -0.942455 2.229054 1.548330 0.110207 2.224264 1.934956 -0.127475 2.610891 6
tri 1.548330 -0.942455 2.229054 1.934956 -0.127475 2.610891 1.930166 -0.942455 2.610891 6
tri 1.166384 -0.929045 2.610891 1.161704 -0.127475 2.610891 1.548330 0.110207 2.224264 6
tri 1.166384 -0.929045 2.610891 1.548330 0.110207 2.224264 1.548330 -0.942455 2.229054 6
tri 1.548330 -0.925099 2.996319 1.548330 -0.361760 2.997517 1.161704 -0.127475 2.610891 6
tri 1.548330 -0.925099 2.996319 1.161704 -0.127475 2.610891 1.166384 -0.929045 2.610891 6
tri 3.667594 -0.942455 2.229054 4.054220 -0.941079 2.610891 3.667594 -0.925099 2.996319 6
tri 3.667594 -0.942455 2.229054 3.667594 -0.925099 2.996319 3.285648 -0.929045 2.610891 6
tri 4.054220 -0.127475 2.610891 3.667594 0.110207 2.224264 3.280967 -0.127475 2.610891 6
tri 4.054220 -0.127475 2.610891 3.280967 -0.127475 2.610891 3.667594 -0.361760 2.997517 6
tri 4.054220 -0.941079 2.610891 4.054220 -0.127475 2.610891 3.667594 -0.361760 2.997517 6
tri 4.054220 -0.941079 2.610891 3.667594 -0.361760 2.997517 3.667594 -0.925099 2.996319 6
tri 3.667594 -0.942455 2.229054 3.667594 0.110207 2.224264 4.054220 -0.127475 2.610891 6
tri 3.667594 -0.942455 2.229054 4.054220 -0.127475 2.610891 4.054220 -0.941079 2.610891 6
tri 3.285648 -0.929045 2.610891 3.280967 -0.127475 2.610891 3.667594 0.110207 2.224264 6
tri 3.285648 -0.929045 2.610891 3.667594 0.110207 2.224264 3.667594 -0.942455 2.229054 6
tri 4.054220 -0.941079 2.610891 3.667594 -0.925099 2.996319 4.032989 -0.932601 2.610891 6
tri 4.032989 -0.932601 2.610891 3.667594 -0.925099 2.996319 4.054220 -0.941079 2.610891 6
tri 3.667594 -0.942455 2.229054 4.054220 -0.941079 2.610891 4.032989 -0.932601 2.610891 6
tri 3.667594 -0.942455 2.229054 4.032989 -0.932601 2.610891 4.054220 -0.941079 2.610891 6
tri 3.667594 -0.925099 2.996319 3.667594 -0.361760 2.997517 3.280967 -0.127475 2.610891 6
tri 3.667594 -0.925099 2.996319 3.280967 -0.127475 2.610891 3.285648 -0.929045 2.610891 6
tri -2.629628 -0.942455 2.229054 -2.243002 -0.941079 2.610891 -2.629628 -0.925099 2.996319 6
tri -2.629628 -0.942455 2.229054 -2.629628 -0.925099 2.996319 -3.011574 -0.929045 2.610891 6
tri -2.243002 -0.127475 2.610891 -2.629628 0.110207 2.224264 -3.016254 -0.127475 2.610891 6
tri -2.243002 -0.127475 2.610891 -3.016254 -0.127475 2.610891 -2.629628 -0.361760 2.997517 6
tri -2.243002 -0.941079 2.610891 -2.243002 -0.127475 2.610891 -2.629628 -0.361760 2.997517 6
tri -2.243002 -0.941079 2.610891 -2.629628 -0.361760 2.997517 -2.629628 -0.925099 2.996319 6
tri -2.629628 -0.942455 2.229054 -2.629628 0.110207 2.224264 -2.243002 -0.127475 2.610891 6
tri -2.629628 -0.942455 2.229054 -2.243002 -0.127475 2.610891 -2.243002 -0.941079 2.610891 6
tri -3.011574 -0.929045 2.610891 -3.016254 -0.127475 2.610891 -2.629628 0.110207 2.224264 6
tri -3.011574 -0.929045 2.610891 -2.629628 0.110207 2.224264 -2.629628 -0.942455 2.229054 6
tri -2.243002 -0.941079 2.610891 -2.629628 -0.925099 2.996319 -2.264233 -0.932601 2.610891 6
tri -2.264233 -0.932601 2.610891 -2.629628 -0.925099 2.996319 -2.243002 -0.941079 2.610891 6
tri -2.629628 -0.942455 2.229054 -2.243002 -0.941079 2.610891 -2.264233 -0.932601 2.610891 6
tri -2.629628 -0.942455 2.229054 -2.264233 -0.932601 2.610891 -2.243002 -0.941079 2.610891 6
tri -2.629628 -0.925099 2.996319 -2.629628 -0.361760 2.997517 -3.016254 -0.127475 2.610891 6
tri -2.629628 -0.925099 2.996319 -3.016254 -0.127475 2.610891 -3.011574 -0.929045 2.610891 6
tri -3.671264 -0.942455 2.229054 -3.289427 -0.942455 2.610891 -3.671264 -0.925099 2.996319 6
tri -3.671264 -0.942455 2.229054 -3.671264 -0.925099 2.996319 -4.053209 -0.929045 2.610891 6
tri -3.284637 -0.127475 2.610891 -3.671264 0.110207 2.224264 -4.057890 -0.127475 2.610891 6
tri -3.284637 -0.127475 2.610891 -4.057890 -0.127475 2.610891 -3.671264 -0.361760 2.997517 6
tri -3.289427 -0.942455 2.610891 -3.284637 -0.127475 2.610891 -3.671264 -0.361760 2.997517 6
tri -3.289427 -0.942455 2.610891 -3.671264 -0.361760 2.997517 -3.671264 -0.925099 2.996319 6
tri -3.671264 -0.942455 2.229054 -3.671264 0.110207 2.224264 -3.284637 -0.127475 2.610891 6
tri -3.671264 -0.942455 2.229054 -3.284637 -0.127475 2.610891 -3.289427 -0.942455 2.610891 6
tri -4.053209 -0.929045 2.610891 -4.057890 -0.127475 2.610891 -3.671264 0.110207 2.224264 6
tri -4.053209 -0.929045 2.610891 -3.671264 0.110207 2.224264 -3.671264 -0.942455 2.229054 6
tri -3.671264 -0.925099 2.996319 -3.671264 -0.361760 2.997517 -4.057890 -0.127475 2.610891 6
tri -3.671264 -0.925099 2.996319 -4.057890 -0.127475 2.610891 -4.053209 -0.929045 2.610891 6
tri -1.551999 -0.942455 2.229054 -1.170163 -0.942455 2.610891 -1.551999 -0.925099 2.996319 6
tri -1.551999 -0.942455 2.229054 -1.551999 -0.925099 2.996319 -1.933945 -0.929045 2.610891 6
tri -1.165373 -0.127475 2.610891 -1.551999 0.110207 2.224264 -1.938626 -0.127475 2.610891 6
tri -1.165373 -0.127475 2.610891 -1.938626 -0.127475 2.610891 -1.551999 -0.361760 2.997517 6
tri -1.170163 -0.942455 2.610891 -1.165373 -0.127475 2.610891 -1.551999 -0.361760 2.997517 6
tri -1.170163 -0.942455 2.610891 -1.551999 -0.361760 2.997517 -1.551999 -0.925099 2.996319 6
tri -1.551999 -0.942455 2.229054 -1.551999 0.110207 2.224264 -1.165373 -0.127475 2.610891 6
tri -1.551999 -0.942455 2.229054 -1.165373 -0.127475 2.610891 -1.170163 -0.942455 2.610891 6
tri -1.933945 -0.929045 2.610891 -1.938626 -0.127475 2.610891 -1.551999 0.110207 2.224264 6
tri -1.933945 -0.929045 2.610891 -1.551999 0.110207 2.224264 -1.551999 -0.942455 2.229054 6
tri -1.551999 -0.925099 2.996319 -1.551999 -0.361760 2.997517 -1.938626 -0.127475 2.610891 6
tri -1.551999 -0.925099 2.996319 -1.938626 -0.127475 2.610891 -1.933945 -0.929045 2.610891 6
tri -0.111801 1.381479 3.657221 -0.468633 1.270770 3.309511 -0.459512 1.066738 3.657376 6
tri -0.885054 0.678359 3.657221 -0.502684 0.815346 4.004931 -0.537343 0.995966 3.657376 6
tri -0.502684 0.815346 4.004931 -0.111801 1.381479 3.657221 -0.459512 1.066738 3.657376 6
tri -0.468633 1.270770 3.309511 -0.885054 0.678359 3.657221 -0.537343 0.995966 3.657376 6
tri -0.501909 -0.931739 3.299292 -0.114967 -0.921378 3.662617 -0.498428 -0.932692 4.028158 6
tri -0.501909 -0.931739 3.299292 -0.498428 -0.932692 4.028158 -0.868239 -0.929947 3.662617 6
tri -0.494320 -0.919310 4.009178 -0.525268 0.274872 4.010327 -0.885054 0.412116 3.662617 6
tri -0.494320 -0.919310 4.009178 -0.885054 0.412116 3.662617 -0.868239 -0.929947 3.662617 6
tri -0.885054 0.412116 3.662617 -0.525268 0.274872 4.010327 -0.502684 0.815346 4.004931 6
tri -0.885054 0.412116 3.662617 -0.502684 0.815346 4.004931 -0.885054 0.678359 3.657221 6
tri -0.114967 -0.921378 3.662617 -0.111801 0.412116 3.662617 -0.525268 0.274872 4.010327 6
tri -0.114967 -0.921378 3.662617 -0.525268 0.274872 4.010327 -0.494320 -0.919310 4.009178 6
tri -0.868239 -0.929947 3.662617 -0.885054 0.412116 3.662617 -0.468167 0.625874 3.314906 6
tri -0.868239 -0.929947 3.662617 -0.468167 0.625874 3.314906 -0.501909 -0.931739 3.299292 6
tri -0.468861 0.484290 3.595419 -0.525268 0.274872 4.010327 -0.502684 0.815346 4.004931 6
tri -0.468861 0.484290 3.595419 -0.502684 0.815346 4.004931 -0.459512 1.066738 3.657376 6
tri -0.445231 -0.919310 3.329187 -0.468167 0.625874 3.314906 -0.111801 0.412116 3.662617 6
tri -0.445231 -0.919310 3.329187 -0.111801 0.412116 3.662617 -0.114967 -0.921378 3.662617 6
tri -0.525268 0.274872 4.010327 -0.111801 0.412116 3.662617 -0.111801 1.381479 3.657221 6
tri -0.525268 0.274872 4.010327 -0.111801 1.381479 3.657221 -0.502684 0.815346 4.004931 6
tri -0.468167 0.625874 3.314906 -0.885054 0.412116 3.662617 -0.885054 0.678359 3.657221 6
tri -0.468167 0.625874 3.314906 -0.885054 0.678359 3.657221 -0.468633 1.270770 3.309511 6
tri -0.468861 0.484290 3.595419 -0.468167 0.625874 3.314906 -0.468633 1.270770 3.309511 6
tri -0.468861 0.484290 3.595419 -0.468633 1.270770 3.309511 -0.537343 0.995966 3.657376 6
tri -0.111801 0.412116 3.662617 -0.468167 0.625874 3.314906 -0.468633 1.270770 3.309511 6
tri -0.111801 0.412116 3.662617 -0.468633 1.270770 3.309511 -0.111801 1.381479 3.657221 6
tri -0.468167 0.625874 3.314906 -0.445231 -0.919310 3.329187 -0.501909 -0.931739 3.299292 6
tri -0.525268 0.274872 4.010327 -0.468861 0.484290 3.595419 -0.537343 0.995966 3.657376 6
tri -0.525268 0.274872 4.010327 -0.537343 0.995966 3.657376 -0.502684 0.815346 4.004931 6
tri -0.468167 0.625874 3.314906 -0.468861 0.484290 3.595419 -0.459512 1.066738 3.657376 6
tri -0.468167 0.625874 3.314906 -0.459512 1.066738 3.657376 -0.468633 1.270770 3.309511 6
tri -0.494320 -0.919310 4.009178 -0.868239 -0.929947 3.662617 -0.498428 -0.932692 4.028158 6
tri -0.501909 -0.931739 3.299292 -0.445231 -0.919310 3.329187 -0.114967 -0.921378 3.662617 6
tri -0.498428 -0.932692 4.028158 -0.114967 -0.921378 3.662617 -0.494320 -0.919310 4.009178 6
tri 1.947914 0.601450 3.657221 1.582570 0.815208 3.309511 1.562485 0.283041 4.009946 6
tri 1.582570 0.815208 3.309511 1.174662 0.601450 3.657221 1.562485 0.283041 4.009946 6
tri 1.559222 -0.931443 3.299995 1.944748 -0.921378 3.662617 1.561288 -0.932692 4.028158 6
tri 1.559222 -0.931443 3.299995 1.561288 -0.932692 4.028158 1.191477 -0.929947 3.662617 6
tri 1.565396 -0.919310 4.009178 1.562485 0.283041 4.009946 1.174662 0.412116 3.662617 6
tri 1.565396 -0.919310 4.009178 1.174662 0.412116 3.662617 1.191477 -0.929947 3.662617 6
tri 1.174662 0.412116 3.662617 1.562485 0.283041 4.009946 1.174662 0.601450 3.657221 6
tri 1.944748 -0.921378 3.662617 1.947914 0.412116 3.662617 1.562485 0.283041 4.009946 6
tri 1.944748 -0.921378 3.662617 1.562485 0.283041 4.009946 1.565396 -0.919310 4.009178 6
tri 1.191477 -0.929947 3.662617 1.174662 0.412116 3.662617 1.556908 0.625874 3.314906 6
tri 1.191477 -0.929947 3.662617 1.556908 0.625874 3.314906 1.559222 -0.931443 3.299995 6
tri 1.556908 0.625874 3.314906 1.562485 0.283041 4.009946 1.582570 0.815208 3.309511 6
tri 1.559222 -0.931443 3.299995 1.556908 0.625874 3.314906 1.947914 0.412116 3.662617 6
tri 1.559222 -0.931443 3.299995 1.947914 0.412116 3.662617 1.944748 -0.921378 3.662617 6
tri 1.562485 0.283041 4.009946 1.947914 0.412116 3.662617 1.947914 0.601450 3.657221 6
tri 1.556908 0.625874 3.314906 1.174662 0.412116 3.662617 1.174662 0.601450 3.657221 6
tri 1.556908 0.625874 3.314906 1.174662 0.601450 3.657221 1.582570 0.815208 3.309511 6
tri 1.562485 0.283041 4.009946 1.556908 0.625874 3.314906 1.582570 0.815208 3.309511 6
tri 1.947914 0.412116 3.662617 1.556908 0.625874 3.314906 1.582570 0.815208 3.309511 6
tri 1.947914 0.412116 3.662617 1.582570 0.815208 3.309511 1.947914 0.601450 3.657221 6
tri 1.565396 -0.919310 4.009178 1.191477 -0.929947 3.662617 1.561288 -0.932692 4.028158 6
tri 1.561288 -0.932692 4.028158 1.944748 -0.921378 3.662617 1.565396 -0.919310 4.009178 6
tri -2.745607 -1.045317 3.600856 -2.419273 -1.011498 3.867621 -2.619817 -0.924428 4.065867 6
tri -2.745607 -1.045317 3.600856 -2.619817 -0.924428 4.065867 -2.794319 -1.017508 3.893107 6
tri -2.816055 0.250645 3.530410 -3.006443 0.157626 3.681564 -2.920307 -0.076541 3.596579 6
tri -2.351057 -0.079369 3.563698 -2.417730 0.259102 3.516573 -1.982553 0.408140 3.662913 6
tri -2.351057 -0.079369 3.563698 -1.982553 0.408140 3.662913 -2.233191 -0.079369 3.681564 6
tri -2.351057 -0.155417 3.563698 -2.351057 -0.079369 3.563698 -2.233191 -0.079369 3.681564 6
tri -2.351057 -0.155417 3.563698 -2.233191 -0.079369 3.681564 -2.233191 -0.155417 3.681564 6
tri -2.380003 -0.155417 3.828377 -2.355186 0.082380 3.803560 -2.619817 -0.078935 4.068190 6
tri -2.380003 -0.155417 3.828377 -2.619817 -0.078935 4.068190 -2.619817 -0.155417 4.068190 6
tri -2.419273 -1.011498 3.867621 -2.380003 -0.155417 3.828377 -2.619817 -0.155417 4.068190 6
tri -2.419273 -1.011498 3.867621 -2.619817 -0.155417 4.068190 -2.619817 -0.924428 4.065867 6
tri -2.409105 -0.994436 3.507759 -2.351057 -0.155417 3.563698 -2.233191 -0.155417 3.681564 6
tri -2.409105 -0.994436 3.507759 -2.233191 -0.155417 3.681564 -1.961759 -0.929947 3.662617 6
tri -2.745607 -1.045317 3.600856 -2.920275 -0.155417 3.596424 -2.590537 -0.155417 3.324780 6
tri -2.745607 -1.045317 3.600856 -2.590537 -0.155417 3.324780 -2.582874 -1.006448 3.333360 6
tri -1.961759 -0.929947 3.662617 -2.233191 -0.155417 3.681564 -2.380003 -0.155417 3.828377 6
tri -1.961759 -0.929947 3.662617 -2.380003 -0.155417 3.828377 -2.419273 -1.011498 3.867621 6
tri -2.233191 -0.155417 3.681564 -2.233191 -0.079369 3.681564 -2.355186 0.082380 3.803560 6
tri -2.233191 -0.155417 3.681564 -2.355186 0.082380 3.803560 -2.380003 -0.155417 3.828377 6
tri -1.961759 -0.929947 3.662617 -2.409105 -0.994436 3.507759 -2.419273 -1.011498 3.867621 6
tri -1.961759 -0.929947 3.662617 -2.419273 -1.011498 3.867621 -2.409105 -0.994436 3.507759 6
tri -2.920307 -0.076541 3.596579 -2.816055 0.250645 3.530410 -2.608792 0.362375 3.348529 6
tri -2.920307 -0.076541 3.596579 -2.608792 0.362375 3.348529 -2.586593 -0.079369 3.328371 6
tri -2.233191 -0.079369 3.681564 -1.982553 0.408140 3.662913 -2.355186 0.082380 3.803560 6
tri -2.409105 -0.994436 3.507759 -1.961759 -0.929947 3.662617 -2.419273 -1.011498 3.867621 6
tri -2.794319 -1.017508 3.893107 -2.794582 -0.155417 3.893425 -2.920275 -0.155417 3.596424 6
tri -2.794319 -1.017508 3.893107 -2.920275 -0.155417 3.596424 -2.986726 -0.985339 3.700121 6
tri -2.794582 -0.155417 3.893425 -2.794582 -0.066110 3.893425 -2.920307 -0.076541 3.596579 6
tri -2.794582 -0.155417 3.893425 -2.920307 -0.076541 3.596579 -2.920275 -0.155417 3.596424 6
tri -2.623811 0.133405 3.722655 -2.816055 0.250645 3.530410 -2.920307 -0.076541 3.596579 6
tri -2.623811 0.133405 3.722655 -2.920307 -0.076541 3.596579 -2.794582 -0.066110 3.893425 6
tri -2.417730 0.259102 3.516573 -2.608792 0.362375 3.348529 -2.816055 0.250645 3.530410 6
tri -2.417730 0.259102 3.516573 -2.816055 0.250645 3.530410 -2.623811 0.133405 3.722655 6
tri -2.920307 -0.076541 3.596579 -3.006443 0.157626 3.681564 -2.816055 0.250645 3.530410 6
tri -2.986726 -0.985339 3.700121 -2.920275 -0.155417 3.596424 -2.745607 -1.045317 3.600856 6
tri -2.409105 -0.994436 3.507759 -2.419273 -1.011498 3.867621 -2.745607 -1.045317 3.600856 6
tri -2.582874 -1.006448 3.333360 -2.409105 -0.994436 3.507759 -2.745607 -1.045317 3.600856 6
tri -2.355186 0.082380 3.803560 -2.417730 0.259102 3.516573 -2.623811 0.133405 3.722655 6
tri -2.355186 0.082380 3.803560 -2.623811 0.133405 3.722655 -2.794582 -0.066110 3.893425 6
tri -2.355186 0.082380 3.803560 -2.794582 -0.066110 3.893425 -2.619817 -0.078935 4.068190 6
tri -2.619817 -0.155417 4.068190 -2.619817 -0.078935 4.068190 -2.794582 -0.066110 3.893425 6
tri -2.619817 -0.155417 4.068190 -2.794582 -0.066110 3.893425 -2.794582 -0.155417 3.893425 6
tri -2.619817 -0.924428 4.065867 -2.619817 -0.155417 4.068190 -2.794582 -0.155417 3.893425 6
tri -2.619817 -0.924428 4.065867 -2.794582 -0.155417 3.893425 -2.794319 -1.017508 3.893107 6
tri -1.982553 0.408140 3.662913 -2.417730 0.259102 3.516573 -2.355186 0.082380 3.803560 6
tri -2.582874 -1.006448 3.333360 -2.590537 -0.155417 3.324780 -2.351057 -0.155417 3.563698 6
tri -2.582874 -1.006448 3.333360 -2.351057 -0.155417 3.563698 -2.409105 -0.994436 3.507759 6
tri -2.586593 -0.079369 3.328371 -2.608792 0.362375 3.348529 -2.417730 0.259102 3.516573 6
tri -2.586593 -0.079369 3.328371 -2.417730 0.259102 3.516573 -2.351057 -0.079369 3.563698 6
tri -2.745607 -1.045317 3.600856 -2.794319 -1.017508 3.893107 -2.986726 -0.985339 3.700121 6
tri 2.424837 -1.045317 3.600856 2.721174 -1.005024 3.897136 2.550627 -0.924428 4.065867 6
tri 2.424837 -1.045317 3.600856 2.550627 -0.924428 4.065867 2.376125 -1.017508 3.893107 6
tri 2.354389 0.250645 3.530410 2.164001 0.157626 3.681564 2.168609 -0.056739 3.686172 6
tri 2.819387 -0.079369 3.563698 2.752715 0.259102 3.516573 2.937254 0.157626 3.681564 6
tri 2.819387 -0.079369 3.563698 2.937254 0.157626 3.681564 2.937254 -0.079369 3.681564 6
tri 2.819387 -0.155417 3.563698 2.819387 -0.079369 3.563698 2.937254 -0.079369 3.681564 6
tri 2.819387 -0.155417 3.563698 2.937254 -0.079369 3.681564 2.937254 -0.155417 3.681564 6
tri 2.721398 -0.155417 3.897419 2.721398 0.018579 3.897419 2.550627 -0.078935 4.068190 6
tri 2.721398 -0.155417 3.897419 2.550627 -0.078935 4.068190 2.550627 -0.155417 4.068190 6
tri 2.721174 -1.005024 3.897136 2.721398 -0.155417 3.897419 2.550627 -0.155417 4.068190 6
tri 2.721174 -1.005024 3.897136 2.550627 -0.155417 4.068190 2.550627 -0.924428 4.065867 6
tri 2.761337 -0.994437 3.507756 2.819387 -0.155417 3.563698 2.937254 -0.155417 3.681564 6
tri 2.761337 -0.994437 3.507756 2.937254 -0.155417 3.681564 2.881151 -0.942765 3.718952 6
tri 2.424837 -1.045317 3.600856 2.269295 -0.155417 3.576271 2.546137 -0.155417 3.299429 6
tri 2.424837 -1.045317 3.600856 2.546137 -0.155417 3.299429 2.539866 -1.045592 3.372959 6
tri 2.881151 -0.942765 3.718952 2.937254 -0.155417 3.681564 2.892169 -0.155417 3.726649 6
tri 2.881151 -0.942765 3.718952 2.892169 -0.155417 3.726649 2.892169 -1.013577 3.726649 6
tri 2.937254 -0.155417 3.681564 2.937254 -0.079369 3.681564 2.892169 0.111263 3.726649 6
tri 2.937254 -0.155417 3.681564 2.892169 0.111263 3.726649 2.892169 -0.155417 3.726649 6
tri 2.515758 0.109717 3.706358 2.354389 0.250645 3.530410 2.533496 0.352199 3.365105 6
tri 2.515758 0.109717 3.706358 2.533496 0.352199 3.365105 2.547281 -0.079369 3.298284 6
tri 2.937254 -0.079369 3.681564 2.937254 0.157626 3.681564 2.892169 0.111263 3.726649 6
tri 2.761337 -0.994437 3.507756 2.881151 -0.942765 3.718952 2.892169 -1.013577 3.726649 6
tri 2.752715 0.259102 3.516573 2.587723 0.372502 3.332034 2.533496 0.352199 3.365105 6
tri 2.376125 -1.017508 3.893107 2.375862 -0.155417 3.893425 2.168167 -0.155417 3.685730 6
tri 2.376125 -1.017508 3.893107 2.168167 -0.155417 3.685730 2.183719 -0.985339 3.700121 6
tri 2.539866 -1.045592 3.372959 2.546137 -0.155417 3.299429 2.587723 -0.155417 3.332034 6
tri 2.539866 -1.045592 3.372959 2.587723 -0.155417 3.332034 2.587584 -1.006442 3.333347 6
tri 2.546137 -0.155417 3.299429 2.547281 -0.079369 3.298284 2.587723 -0.079369 3.332034 6
tri 2.546137 -0.155417 3.299429 2.587723 -0.079369 3.332034 2.587723 -0.155417 3.332034 6
tri 2.375862 -0.155417 3.893425 2.375862 -0.066110 3.893425 2.168609 -0.056739 3.686172 6
tri 2.375862 -0.155417 3.893425 2.168609 -0.056739 3.686172 2.168167 -0.155417 3.685730 6
tri 2.547281 -0.079369 3.298284 2.533496 0.352199 3.365105 2.587723 0.372502 3.332034 6
tri 2.547281 -0.079369 3.298284 2.587723 0.372502 3.332034 2.587723 -0.079369 3.332034 6
tri 2.515758 0.109717 3.706358 2.354389 0.250645 3.530410 2.168609 -0.056739 3.686172 6
tri 2.515758 0.109717 3.706358 2.168609 -0.056739 3.686172 2.375862 -0.066110 3.893425 6
tri 2.752715 0.259102 3.516573 2.533496 0.352199 3.365105 2.354389 0.250645 3.530410 6
tri 2.752715 0.259102 3.516573 2.354389 0.250645 3.530410 2.515758 0.109717 3.706358 6
tri 2.168609 -0.056739 3.686172 2.164001 0.157626 3.681564 2.354389 0.250645 3.530410 6
tri 2.168609 -0.056739 3.686172 2.354389 0.250645 3.530410 2.515758 0.109717 3.706358 6
tri 2.168167 -0.155417 3.685730 2.168609 -0.056739 3.686172 2.515758 0.109717 3.706358 6
tri 2.168167 -0.155417 3.685730 2.515758 0.109717 3.706358 2.269295 -0.155417 3.576271 6
tri 2.183719 -0.985339 3.700121 2.168167 -0.155417 3.685730 2.269295 -0.155417 3.576271 6
tri 2.183719 -0.985339 3.700121 2.269295 -0.155417 3.576271 2.424837 -1.045317 3.600856 6
tri 2.892169 -1.013577 3.726649 2.892169 -0.155417 3.726649 2.721398 -0.155417 3.897419 6
tri 2.892169 -1.013577 3.726649 2.721398 -0.155417 3.897419 2.721174 -1.005024 3.897136 6
tri 2.892169 -0.155417 3.726649 2.892169 0.111263 3.726649 2.721398 0.018579 3.897419 6
tri 2.892169 -0.155417 3.726649 2.721398 0.018579 3.897419 2.721398 -0.155417 3.897419 6
tri 2.881151 -0.942765 3.718952 2.721174 -1.005024 3.897136 2.892169 -1.013577 3.726649 6
tri 2.892169 -1.013577 3.726649 2.721174 -1.005024 3.897136 2.881151 -0.942765 3.718952 6
tri 2.761337 -0.994437 3.507756 2.892169 -1.013577 3.726649 2.721174 -1.005024 3.897136 6
tri 2.761337 -0.994437 3.507756 2.721174 -1.005024 3.897136 2.424837 -1.045317 3.600856 6
tri 2.539866 -1.045592 3.372959 2.761337 -0.994437 3.507756 2.424837 -1.045317 3.600856 6
tri 2.892169 0.111263 3.726649 2.752715 0.259102 3.516573 2.515758 0.109717 3.706358 6
tri 2.892169 0.111263 3.726649 2.515758 0.109717 3.706358 2.721398 0.018579 3.897419 6
tri 2.721398 0.018579 3.897419 2.515758 0.109717 3.706358 2.375862 -0.066110 3.893425 6
tri 2.721398 0.018579 3.897419 2.375862 -0.066110 3.893425 2.550627 -0.078935 4.068190 6
tri 2.550627 -0.155417 4.068190 2.550627 -0.078935 4.068190 2.375862 -0.066110 3.893425 6
tri 2.550627 -0.155417 4.068190 2.375862 -0.066110 3.893425 2.375862 -0.155417 3.893425 6
tri 2.550627 -0.924428 4.065867 2.550627 -0.155417 4.068190 2.375862 -0.155417 3.893425 6
tri 2.550627 -0.924428 4.065867 2.375862 -0.155417 3.893425 2.376125 -1.017508 3.893107 6
tri 2.937254 0.157626 3.681564 2.752715 0.259102 3.516573 2.892169 0.111263 3.726649 6
tri 2.587584 -1.006442 3.333347 2.761337 -0.994437 3.507756 2.539866 -1.045592 3.372959 6
tri 2.587584 -1.006442 3.333347 2.587723 -0.155417 3.332034 2.819387 -0.155417 3.563698 6
tri 2.587584 -1.006442 3.333347 2.819387 -0.155417 3.563698 2.761337 -0.994437 3.507756 6
tri 2.587723 -0.079369 3.332034 2.587723 0.372502 3.332034 2.752715 0.259102 3.516573 6
tri 2.587723 -0.079369 3.332034 2.752715 0.259102 3.516573 2.819387 -0.079369 3.563698 6
tri 2.424837 -1.045317 3.600856 2.376125 -1.017508 3.893107 2.183719 -0.985339 3.700121 6
tri -3.656167 -1.041276 3.808071 -3.671264 -1.006398 4.049276 -3.905002 -1.011133 3.816990 6
tri -3.656167 -1.041276 3.808071 -3.542388 -0.165445 3.921854 -3.671264 -0.243539 4.050729 6
tri -3.656167 -1.041276 3.808071 -3.671264 -0.243539 4.050729 -3.671264 -1.006398 4.049276 6
tri -3.800097 -1.039629 3.406438 -3.800139 0.149200 3.406353 -3.657011 0.335150 3.291730 6
tri -3.800097 -1.039629 3.406438 -3.657011 0.335150 3.291730 -3.545182 -1.016575 3.403560 6
tri -3.905002 -1.011133 3.816990 -3.914730 0.019479 3.807263 -3.884982 0.016056 3.623562 6
tri -3.905002 -1.011133 3.816990 -3.884982 0.016056 3.623562 -3.843059 -1.046185 3.653408 6
tri -3.843059 -1.046185 3.653408 -3.884982 0.016056 3.623562 -3.800139 0.149200 3.406353 6
tri -3.843059 -1.046185 3.653408 -3.800139 0.149200 3.406353 -3.800097 -1.039629 3.406438 6
tri -3.414132 -0.993632 3.535625 -3.396476 0.059498 3.552265 -3.413513 0.025646 3.792979 6
tri -3.414132 -0.993632 3.535625 -3.413513 0.025646 3.792979 -3.413515 -1.016185 3.792978 6
tri -3.413515 -1.016185 3.792978 -3.413513 0.025646 3.792979 -3.542388 -0.165445 3.921854 6
tri -3.413515 -1.016185 3.792978 -3.542388 -0.165445 3.921854 -3.656167 -1.041276 3.808071 6
tri -3.655988 0.061004 3.550503 -3.800139 0.149200 3.406353 -3.884982 0.016056 3.623562 6
tri -3.414132 -0.993632 3.535625 -3.413515 -1.016185 3.792978 -3.621677 -1.046214 3.584815 6
tri -3.621677 -1.046214 3.584815 -3.413515 -1.016185 3.792978 -3.656167 -1.041276 3.808071 6
tri -3.800097 -1.039629 3.406438 -3.621677 -1.046214 3.584815 -3.843059 -1.046185 3.653408 6
tri -3.621677 -1.046214 3.584815 -3.656167 -1.041276 3.808071 -3.843059 -1.046185 3.653408 6
tri -3.545182 -1.016575 3.403560 -3.621677 -1.046214 3.584815 -3.800097 -1.039629 3.406438 6
tri -3.545182 -1.016575 3.403560 -3.414132 -0.993632 3.535625 -3.621677 -1.046214 3.584815 6
tri -3.413513 0.025646 3.792979 -3.655988 0.061004 3.550503 -3.656657 0.019322 3.807586 6
tri -3.413513 0.025646 3.792979 -3.656657 0.019322 3.807586 -3.542388 -0.165445 3.921854 6
tri -3.655988 0.061004 3.550503 -3.884982 0.016056 3.623562 -3.656657 0.019322 3.807586 6
tri -3.396476 0.059498 3.552265 -3.542388 0.149200 3.406353 -3.655988 0.061004 3.550503 6
tri -3.671264 -1.006398 4.049276 -3.671264 -0.243539 4.050729 -3.800139 -0.165444 3.921854 6
tri -3.671264 -1.006398 4.049276 -3.800139 -0.165444 3.921854 -3.905002 -1.011133 3.816990 6
tri -3.905002 -1.011133 3.816990 -3.800139 -0.165444 3.921854 -3.914730 0.019479 3.807263 6
tri -3.545182 -1.016575 3.403560 -3.657011 0.335150 3.291730 -3.542388 0.149200 3.406353 6
tri -3.545182 -1.016575 3.403560 -3.542388 0.149200 3.406353 -3.396476 0.059498 3.552265 6
tri -3.545182 -1.016575 3.403560 -3.396476 0.059498 3.552265 -3.414132 -0.993632 3.535625 6
tri -3.655988 0.061004 3.550503 -3.413513 0.025646 3.792979 -3.655658 0.246230 3.550834 6
tri -3.656657 0.019322 3.807586 -3.884982 0.016056 3.623562 -3.914730 0.019479 3.807263 6
tri -3.656657 0.019322 3.807586 -3.914730 0.019479 3.807263 -3.800139 -0.165444 3.921854 6
tri -3.843059 -1.046185 3.653408 -3.656167 -1.041276 3.808071 -3.905002 -1.011133 3.816990 6
tri -3.657011 0.335150 3.291730 -3.800139 0.334628 3.406352 -3.655658 0.246230 3.550834 6
tri -3.354109 0.218881 3.594631 -3.655658 0.246230 3.550834 -3.413513 0.025646 3.792979 6
tri -3.656657 0.019322 3.807586 -3.914730 0.019479 3.807263 -3.671264 -0.058111 4.050729 6
tri -3.671264 -0.243539 4.050729 -3.542388 -0.165445 3.921854 -3.656657 0.019322 3.807586 6
tri -3.671264 -0.243539 4.050729 -3.656657 0.019322 3.807586 -3.671264 -0.058111 4.050729 6
tri -3.413513 0.025646 3.792979 -3.396476 0.059498 3.552265 -3.354109 0.218881 3.594631 6
tri -3.396476 0.059498 3.552265 -3.655988 0.061004 3.550503 -3.655658 0.246230 3.550834 6
tri -3.396476 0.059498 3.552265 -3.655658 0.246230 3.550834 -3.354109 0.218881 3.594631 6
tri -3.884982 0.016056 3.623562 -3.914730 0.019479 3.807263 -3.847115 0.186743 3.647837 6
tri -3.800139 0.149200 3.406353 -3.655988 0.061004 3.550503 -3.655658 0.246230 3.550834 6
tri -3.800139 0.149200 3.406353 -3.655658 0.246230 3.550834 -3.800139 0.334628 3.406352 6
tri -3.655988 0.061004 3.550503 -3.542388 0.149200 3.406353 -3.657011 0.335150 3.291730 6
tri -3.655988 0.061004 3.550503 -3.657011 0.335150 3.291730 -3.655658 0.246230 3.550834 6
tri -3.656657 0.019322 3.807586 -3.800139 -0.165444 3.921854 -3.914730 0.019479 3.807263 6
tri -3.800139 -0.165444 3.921854 -3.671264 -0.243539 4.050729 -3.671264 -0.058111 4.050729 6
tri -3.800139 -0.165444 3.921854 -3.671264 -0.058111 4.050729 -3.914730 0.019479 3.807263 6
tri -3.657011 0.335150 3.291730 -3.800139 0.149200 3.406353 -3.800139 0.334628 3.406352 6
tri -3.914730 0.019479 3.807263 -3.884982 0.016056 3.623562 -3.847115 0.186743 3.647837 6
tri 3.490102 -1.016199 3.921586 3.506958 -0.165445 3.921854 3.618717 -0.243539 4.050729 6
tri 3.490102 -1.016199 3.921586 3.618717 -0.243539 4.050729 3.618717 -1.006398 4.049276 6
tri 3.744799 -1.016575 3.403560 3.570137 0.149200 3.406353 3.581202 0.357738 3.321554 6
tri 3.361135 -1.006808 3.792894 3.360966 0.024197 3.792979 3.316602 0.042699 3.579592 6
tri 3.361135 -1.006808 3.792894 3.316602 0.042699 3.579592 3.296354 -1.044361 3.599840 6
tri 3.296354 -1.044361 3.599840 3.316602 0.042699 3.579592 3.570137 0.149200 3.406353 6
tri 3.296354 -1.044361 3.599840 3.570137 0.149200 3.406353 3.744799 -1.016575 3.403560 6
tri 3.875849 -0.993632 3.535625 3.893505 0.059498 3.552265 3.876468 0.025646 3.792979 6
tri 3.875849 -0.993632 3.535625 3.876468 0.025646 3.792979 3.876466 -1.016185 3.792978 6
tri 3.876466 -1.016185 3.792978 3.876468 0.025646 3.792979 3.506958 -0.165445 3.921854 6
tri 3.876466 -1.016185 3.792978 3.506958 -0.165445 3.921854 3.490102 -1.016199 3.921586 6
tri 3.558003 0.026113 3.607530 3.570137 0.149200 3.406353 3.316602 0.042699 3.579592 6
tri 3.875849 -0.993632 3.535625 3.876466 -1.016185 3.792978 3.511784 -1.046214 3.654377 6
tri 3.511784 -1.046214 3.654377 3.876466 -1.016185 3.792978 3.490102 -1.016199 3.921586 6
tri 3.744799 -1.016575 3.403560 3.511784 -1.046214 3.654377 3.296354 -1.044361 3.599840 6
tri 3.744799 -1.016575 3.403560 3.875849 -0.993632 3.535625 3.511784 -1.046214 3.654377 6
tri 3.876468 0.025646 3.792979 3.558003 0.026113 3.607530 3.535480 0.031252 3.879520 6
tri 3.876468 0.025646 3.792979 3.535480 0.031252 3.879520 3.506958 -0.165445 3.921854 6
tri 3.558003 0.026113 3.607530 3.316602 0.042699 3.579592 3.298542 0.217025 3.597652 6
tri 3.558003 0.026113 3.607530 3.298542 0.217025 3.597652 3.525742 0.194253 3.635786 6
tri 3.893505 0.059498 3.552265 3.570137 0.149200 3.406353 3.558003 0.026113 3.607530 6
tri 3.618717 -1.006398 4.049276 3.618717 -0.243539 4.050729 3.506958 -0.165445 3.921854 6
tri 3.618717 -1.006398 4.049276 3.506958 -0.165445 3.921854 3.490102 -1.016199 3.921586 6
tri 3.490102 -1.016199 3.921586 3.506958 -0.165445 3.921854 3.360966 0.024197 3.792979 6
tri 3.490102 -1.016199 3.921586 3.360966 0.024197 3.792979 3.361135 -1.006808 3.792894 6
tri 3.744799 -1.016575 3.403560 3.581202 0.357738 3.321554 3.570137 0.149200 3.406353 6
tri 3.744799 -1.016575 3.403560 3.570137 0.149200 3.406353 3.893505 0.059498 3.552265 6
tri 3.744799 -1.016575 3.403560 3.893505 0.059498 3.552265 3.875849 -0.993632 3.535625 6
tri 3.558003 0.026113 3.607530 3.876468 0.025646 3.792979 3.525742 0.194253 3.635786 6
tri 3.535480 0.031252 3.879520 3.558003 0.026113 3.607530 3.360966 0.024197 3.792979 6
tri 3.535480 0.031252 3.879520 3.360966 0.024197 3.792979 3.506958 -0.165445 3.921854 6
tri 3.296354 -1.044361 3.599840 3.511784 -1.046214 3.654377 3.361135 -1.006808 3.792894 6
tri 3.511784 -1.046214 3.654377 3.490102 -1.016199 3.921586 3.361135 -1.006808 3.792894 6
tri 3.525742 0.194253 3.635786 3.298542 0.217025 3.597652 3.360966 0.024197 3.792979 6
tri 3.935872 0.218881 3.594631 3.525742 0.194253 3.635786 3.876468 0.025646 3.792979 6
tri 3.618717 -0.243539 4.050729 3.506958 -0.165445 3.921854 3.535480 0.031252 3.879520 6
tri 3.618717 -0.243539 4.050729 3.535480 0.031252 3.879520 3.618717 -0.058111 4.050729 6
tri 3.876468 0.025646 3.792979 3.893505 0.059498 3.552265 3.935872 0.218881 3.594631 6
tri 3.893505 0.059498 3.552265 3.558003 0.026113 3.607530 3.525742 0.194253 3.635786 6
tri 3.893505 0.059498 3.552265 3.525742 0.194253 3.635786 3.935872 0.218881 3.594631 6
tri 3.316602 0.042699 3.579592 3.360966 0.024197 3.792979 3.298542 0.217025 3.597652 6
tri 3.570137 0.149200 3.406353 3.558003 0.026113 3.607530 3.525742 0.194253 3.635786 6
tri 3.570137 0.149200 3.406353 3.525742 0.194253 3.635786 3.581202 0.357738 3.321554 6
tri 3.558003 0.026113 3.607530 3.570137 0.149200 3.406353 3.581202 0.357738 3.321554 6
tri 3.558003 0.026113 3.607530 3.581202 0.357738 3.321554 3.525742 0.194253 3.635786 6
tri 3.506958 -0.165445 3.921854 3.618717 -0.243539 4.050729 3.618717 -0.058111 4.050729 6
tri 3.506958 -0.165445 3.921854 3.618717 -0.058111 4.050729 3.535480 0.031252 3.879520 6
tri 3.360966 0.024197 3.792979 3.558003 0.026113 3.607530 3.525742 0.194253 3.635786 6
tri -1.205322 0.601450 3.657221 -1.570666 0.815208 3.309511 -1.590751 0.283041 4.009946 6
tri -1.570666 0.815208 3.309511 -1.978574 0.601450 3.657221 -1.590751 0.283041 4.009946 6
tri -1.594014 -0.931443 3.299995 -1.208488 -0.921378 3.662617 -1.591948 -0.932692 4.028158 6
tri -1.594014 -0.931443 3.299995 -1.591948 -0.932692 4.028158 -1.961759 -0.929947 3.662617 6
tri -1.587840 -0.919310 4.009178 -1.590751 0.283041 4.009946 -1.982553 0.408140 3.662913 6
tri -1.587840 -0.919310 4.009178 -1.982553 0.408140 3.662913 -1.961759 -0.929947 3.662617 6
tri -1.982553 0.408140 3.662913 -1.590751 0.283041 4.009946 -1.978574 0.601450 3.657221 6
tri -1.208488 -0.921378 3.662617 -1.205322 0.412116 3.662617 -1.590751 0.283041 4.009946 6
tri -1.208488 -0.921378 3.662617 -1.590751 0.283041 4.009946 -1.587840 -0.919310 4.009178 6
tri -1.961759 -0.929947 3.662617 -1.982553 0.408140 3.662913 -1.596328 0.625874 3.314906 6
tri -1.961759 -0.929947 3.662617 -1.596328 0.625874 3.314906 -1.594014 -0.931443 3.299995 6
tri -1.596328 0.625874 3.314906 -1.590751 0.283041 4.009946 -1.570666 0.815208 3.309511 6
tri -1.594014 -0.931443 3.299995 -1.596328 0.625874 3.314906 -1.205322 0.412116 3.662617 6
tri -1.594014 -0.931443 3.299995 -1.205322 0.412116 3.662617 -1.208488 -0.921378 3.662617 6
tri -1.590751 0.283041 4.009946 -1.205322 0.412116 3.662617 -1.205322 0.601450 3.657221 6
tri -1.596328 0.625874 3.314906 -1.982553 0.408140 3.662913 -1.978574 0.601450 3.657221 6
tri -1.596328 0.625874 3.314906 -1.978574 0.601450 3.657221 -1.570666 0.815208 3.309511 6
tri -1.590751 0.283041 4.009946 -1.596328 0.625874 3.314906 -1.570666 0.815208 3.309511 6
tri -1.205322 0.412116 3.662617 -1.596328 0.625874 3.314906 -1.570666 0.815208 3.309511 6
tri -1.205322 0.412116 3.662617 -1.570666 0.815208 3.309511 -1.205322 0.601450 3.657221 6
tri -1.587840 -0.919310 4.009178 -1.961759 -0.929947 3.662617 -1.591948 -0.932692 4.028158 6
tri -1.591948 -0.932692 4.028158 -1.208488 -0.921378 3.662617 -1.587840 -0.919310 4.009178 6
tri 0.453004 -1.016199 3.921586 0.787465 0.580925 3.844884 0.581620 0.456189 4.050729 6
tri 0.453004 -1.016199 3.921586 0.581620 0.456189 4.050729 0.581620 -1.006398 4.049276 6
tri 0.764023 -0.920741 3.505439 0.788502 0.810730 3.485397 0.968246 0.690473 3.664103 6
tri 0.391184 -0.919341 3.520760 0.351517 0.863262 3.531561 0.581620 0.928155 3.277477 6
tri 0.391184 -0.919341 3.520760 0.581620 0.928155 3.277477 0.581620 -1.005599 3.277840 6
tri 0.324038 -1.006808 3.792894 0.378135 0.579495 3.847245 0.194994 0.690473 3.664103 6
tri 0.324038 -1.006808 3.792894 0.194994 0.690473 3.664103 0.391184 -0.919341 3.520760 6
tri 0.391184 -0.919341 3.520760 0.194994 0.690473 3.664103 0.351517 0.863262 3.531561 6
tri 0.351517 0.863262 3.531561 0.391184 -0.919341 3.520760 0.610053 0.703069 3.644846 6
tri 0.764023 -0.920741 3.505439 0.968246 0.690473 3.664103 0.787465 0.580925 3.844884 6
tri 0.764023 -0.920741 3.505439 0.787465 0.580925 3.844884 0.839368 -1.016185 3.792978 6
tri 0.839368 -1.016185 3.792978 0.787465 0.580925 3.844884 0.453004 -1.016199 3.921586 6
tri 0.787465 0.580925 3.844884 0.610053 0.703069 3.644846 0.575694 0.774531 3.831868 6
tri 0.764023 -0.920741 3.505439 0.839368 -1.016185 3.792978 0.691475 -0.933249 3.496575 6
tri 0.691475 -0.933249 3.496575 0.839368 -1.016185 3.792978 0.453004 -1.016199 3.921586 6
tri 0.581620 -1.005599 3.277840 0.764023 -0.920741 3.505439 0.691475 -0.933249 3.496575 6
tri 0.581620 -1.005599 3.277840 0.691475 -0.933249 3.496575 0.391184 -0.919341 3.520760 6
tri 0.581620 -1.006398 4.049276 0.581620 0.456189 4.050729 0.378135 0.579495 3.847245 6
tri 0.581620 -1.006398 4.049276 0.378135 0.579495 3.847245 0.453004 -1.016199 3.921586 6
tri 0.453004 -1.016199 3.921586 0.378135 0.579495 3.847245 0.324038 -1.006808 3.792894 6
tri 0.581620 -1.005599 3.277840 0.691475 -0.933249 3.496575 0.764023 -0.920741 3.505439 6
tri 0.581620 -1.005599 3.277840 0.764023 -0.920741 3.505439 0.691475 -0.933249 3.496575 6
tri 0.581620 -1.005599 3.277840 0.581620 0.928155 3.277477 0.788502 0.810730 3.485397 6
tri 0.581620 -1.005599 3.277840 0.788502 0.810730 3.485397 0.764023 -0.920741 3.505439 6
tri 0.610053 0.703069 3.644846 0.787465 0.580925 3.844884 0.788502 0.810730 3.485397 6
tri 0.391184 -0.919341 3.520760 0.691475 -0.933249 3.496575 0.324038 -1.006808 3.792894 6
tri 0.691475 -0.933249 3.496575 0.453004 -1.016199 3.921586 0.324038 -1.006808 3.792894 6
tri 0.788502 0.810730 3.485397 0.581620 0.928155 3.277477 0.571328 1.124181 3.294417 6
tri 0.581620 0.456189 4.050729 0.787465 0.580925 3.844884 0.575694 0.774531 3.831868 6
tri 0.787465 0.580925 3.844884 0.968246 0.690473 3.664103 0.788502 0.810730 3.485397 6
tri 0.194994 0.690473 3.664103 0.378135 0.579495 3.847245 0.351517 0.863262 3.531561 6
tri 0.351517 0.863262 3.531561 0.610053 0.703069 3.644846 0.581620 0.955506 3.535228 6
tri 0.351517 0.863262 3.531561 0.581620 0.955506 3.535228 0.571328 1.124181 3.294417 6
tri 0.610053 0.703069 3.644846 0.788502 0.810730 3.485397 0.571328 1.124181 3.294417 6
tri 0.610053 0.703069 3.644846 0.571328 1.124181 3.294417 0.581620 0.955506 3.535228 6
tri 0.610053 0.703069 3.644846 0.378135 0.579495 3.847245 0.575694 0.774531 3.831868 6
tri 0.378135 0.579495 3.847245 0.581620 0.456189 4.050729 0.575694 0.774531 3.831868 6
tri 0.581620 0.928155 3.277477 0.351517 0.863262 3.531561 0.571328 1.124181 3.294417 6
tri 0.378135 0.579495 3.847245 0.610053 0.703069 3.644846 0.351517 0.863262 3.531561 6
tri 0.391184 -0.919341 3.520760 0.351517 0.863262 3.531561 0.610053 0.703069 3.644846 6
tri 0.691475 -0.933249 3.496575 0.610053 0.703069 3.644846 0.764023 -0.920741 3.505439 6
tri 0.764023 -0.920741 3.505439 0.788502 0.810730 3.485397 0.610053 0.703069 3.644846 6
tri 0.764023 -0.920741 3.505439 0.610053 0.703069 3.644846 0.691475 -0.933249 3.496575 6
tri 0.788502 0.810730 3.485397 0.764023 -0.920741 3.505439 0.610053 0.703069 3.644846 6
tri -0.532700 -0.941103 -2.215707 -0.914536 -0.942454 -2.602333 -0.532700 -0.925099 -2.987762 7
tri -0.532700 -0.941103 -2.215707 -0.532700 -0.925099 -2.987762 0.122306 -0.941077 -2.602333 7
tri -0.919326 -0.127475 -2.602333 -0.532699 0.110207 -2.215707 0.113923 -0.127475 -2.602333 7
tri -0.919326 -0.127475 -2.602333 0.113923 -0.127475 -2.602333 -0.532700 -0.361760 -2.988959 7
tri -0.914536 -0.942454 -2.602333 -0.919326 -0.127475 -2.602333 -0.532700 -0.361760 -2.988959 7
tri -0.914536 -0.942454 -2.602333 -0.532700 -0.361760 -2.988959 -0.532700 -0.925099 -2.987762 7
tri -0.532700 -0.941103 -2.215707 -0.532699 0.110207 -2.215707 -0.919326 -0.127475 -2.602333 7
tri -0.532700 -0.941103 -2.215707 -0.919326 -0.127475 -2.602333 -0.914536 -0.942454 -2.602333 7
tri 0.122306 -0.941077 -2.602333 0.113923 -0.127475 -2.602333 -0.532699 0.110207 -2.215707 7
tri 0.122306 -0.941077 -2.602333 -0.532699 0.110207 -2.215707 -0.532700 -0.941103 -2.215707 7
tri -0.532700 -0.925099 -2.987762 0.122306 -0.941077 -2.602333 -0.167304 -0.932601 -2.602333 7
tri -0.532700 -0.925099 -2.987762 -0.167304 -0.932601 -2.602333 0.122306 -0.941077 -2.602333 7
tri -0.532700 -0.941103 -2.215707 -0.914536 -0.942454 -2.602333 -0.532700 -0.932601 -2.236938 7
tri -0.532700 -0.932601 -2.236938 -0.914536 -0.942454 -2.602333 -0.532700 -0.941103 -2.215707 7
tri 0.122306 -0.941077 -2.602333 -0.532700 -0.941103 -2.215707 -0.532700 -0.932601 -2.236938 7
tri 0.122306 -0.941077 -2.602333 -0.532700 -0.932601 -2.236938 -0.167304 -0.932601 -2.602333 7
tri -0.167304 -0.932601 -2.602333 -0.532700 -0.932601 -2.236938 -0.532700 -0.941103 -2.215707 7
tri -0.167304 -0.932601 -2.602333 -0.532700 -0.941103 -2.215707 0.122306 -0.941077 -2.602333 7
tri -0.532700 -0.925099 -2.987762 -0.532700 -0.361760 -2.988959 0.113923 -0.127475 -2.602333 7
tri -0.532700 -0.925099 -2.987762 0.113923 -0.127475 -2.602333 0.122306 -0.941077 -2.602333 7
tri 0.508936 -0.941103 -2.215707 0.122306 -0.941077 -2.602333 0.508936 -0.925099 -2.987762 7
tri 0.508936 -0.941103 -2.215707 0.508936 -0.925099 -2.987762 0.890881 -0.929045 -2.602333 7
tri 0.113923 -0.127475 -2.602333 0.508936 0.110207 -2.215707 0.895562 -0.127475 -2.602333 7
tri 0.113923 -0.127475 -2.602333 0.895562 -0.127475 -2.602333 0.508936 -0.361760 -2.988960 7
tri 0.122306 -0.941077 -2.602333 0.113923 -0.127475 -2.602333 0.508936 -0.361760 -2.988960 7
tri 0.122306 -0.941077 -2.602333 0.508936 -0.361760 -2.988960 0.508936 -0.925099 -2.987762 7
tri 0.508936 -0.941103 -2.215707 0.508936 0.110207 -2.215707 0.113923 -0.127475 -2.602333 7
tri 0.508936 -0.941103 -2.215707 0.113923 -0.127475 -2.602333 0.122306 -0.941077 -2.602333 7
tri 0.890881 -0.929045 -2.602333 0.895562 -0.127475 -2.602333 0.508936 0.110207 -2.215707 7
tri 0.890881 -0.929045 -2.602333 0.508936 0.110207 -2.215707 0.508936 -0.941103 -2.215707 7
tri 0.122306 -0.941077 -2.602333 0.508936 -0.925099 -2.987762 0.143541 -0.932601 -2.602333 7
tri 0.143541 -0.932601 -2.602333 0.508936 -0.925099 -2.987762 0.122306 -0.941077 -2.602333 7
tri 0.508936 -0.941103 -2.215707 0.122306 -0.941077 -2.602333 0.143541 -0.932601 -2.602333 7
tri 0.508936 -0.941103 -2.215707 0.143541 -0.932601 -2.602333 0.508936 -0.932601 -2.236938 7
tri 0.508936 -0.932601 -2.236938 0.143541 -0.932601 -2.602333 0.122306 -0.941077 -2.602333 7
tri 0.508936 -0.932601 -2.236938 0.122306 -0.941077 -2.602333 0.508936 -0.941103 -2.215707 7
tri 0.890881 -0.929045 -2.602333 0.508936 -0.941103 -2.215707 0.508936 -0.932601 -2.236938 7
tri 0.890881 -0.929045 -2.602333 0.508936 -0.932601 -2.236938 0.508936 -0.941103 -2.215707 7
tri 0.508936 -0.925099 -2.987762 0.508936 -0.361760 -2.988960 0.895562 -0.127475 -2.602333 7
tri 0.508936 -0.925099 -2.987762 0.895562 -0.127475 -2.602333 0.890881 -0.929045 -2.602333 7
tri -2.601585 -0.941103 -2.215707 -2.983422 -0.942454 -2.602333 -2.601585 -0.925099 -2.987761 7
tri -2.601585 -0.941103 -2.215707 -2.601585 -0.925099 -2.987761 -2.219639 -0.929045 -2.602333 7
tri -2.988211 -0.127475 -2.602333 -2.601585 0.110207 -2.215707 -2.214958 -0.127475 -2.602333 7
tri -2.988211 -0.127475 -2.602333 -2.214958 -0.127475 -2.602333 -2.601585 -0.361760 -2.988959 7
tri -2.983422 -0.942454 -2.602333 -2.988211 -0.127475 -2.602333 -2.601585 -0.361760 -2.988959 7
tri -2.983422 -0.942454 -2.602333 -2.601585 -0.361760 -2.988959 -2.601585 -0.925099 -2.987761 7
tri -2.601585 -0.941103 -2.215707 -2.601585 0.110207 -2.215707 -2.988211 -0.127475 -2.602333 7
tri -2.601585 -0.941103 -2.215707 -2.988211 -0.127475 -2.602333 -2.983422 -0.942454 -2.602333 7
tri -2.219639 -0.929045 -2.602333 -2.214958 -0.127475 -2.602333 -2.601585 0.110207 -2.215707 7
tri -2.219639 -0.929045 -2.602333 -2.601585 0.110207 -2.215707 -2.601585 -0.941103 -2.215707 7
tri -2.601585 -0.941103 -2.215707 -2.983422 -0.942454 -2.602333 -2.601585 -0.932601 -2.236938 7
tri -2.601585 -0.932601 -2.236938 -2.983422 -0.942454 -2.602333 -2.601585 -0.941103 -2.215707 7
tri -2.219639 -0.929045 -2.602333 -2.601585 -0.941103 -2.215707 -2.601585 -0.932601 -2.236938 7
tri -2.219639 -0.929045 -2.602333 -2.601585 -0.932601 -2.236938 -2.601585 -0.941103 -2.215707 7
tri -2.601585 -0.925099 -2.987761 -2.601585 -0.361760 -2.988959 -2.214958 -0.127475 -2.602333 7
tri -2.601585 -0.925099 -2.987761 -2.214958 -0.127475 -2.602333 -2.219639 -0.929045 -2.602333 7
tri -1.559949 -0.941103 -2.215707 -1.941786 -0.942454 -2.602333 -1.559949 -0.925099 -2.987761 7
tri -1.559949 -0.941103 -2.215707 -1.559949 -0.925099 -2.987761 -1.178004 -0.929045 -2.602333 7
tri -1.946576 -0.127475 -2.602333 -1.559949 0.110207 -2.215707 -1.173323 -0.127475 -2.602333 7
tri -1.946576 -0.127475 -2.602333 -1.173323 -0.127475 -2.602333 -1.559949 -0.361760 -2.988959 7
tri -1.941786 -0.942454 -2.602333 -1.946576 -0.127475 -2.602333 -1.559949 -0.361760 -2.988959 7
tri -1.941786 -0.942454 -2.602333 -1.559949 -0.361760 -2.988959 -1.559949 -0.925099 -2.987761 7
tri -1.559949 -0.941103 -2.215707 -1.559949 0.110207 -2.215707 -1.946576 -0.127475 -2.602333 7
tri -1.559949 -0.941103 -2.215707 -1.946576 -0.127475 -2.602333 -1.941786 -0.942454 -2.602333 7
tri -1.178004 -0.929045 -2.602333 -1.173323 -0.127475 -2.602333 -1.559949 0.110207 -2.215707 7
tri -1.178004 -0.929045 -2.602333 -1.559949 0.110207 -2.215707 -1.559949 -0.941103 -2.215707 7
tri -1.559949 -0.941103 -2.215707 -1.941786 -0.942454 -2.602333 -1.559949 -0.932601 -2.236938 7
tri -1.559949 -0.932601 -2.236938 -1.941786 -0.942454 -2.602333 -1.559949 -0.941103 -2.215707 7
tri -1.178004 -0.929045 -2.602333 -1.559949 -0.941103 -2.215707 -1.559949 -0.932601 -2.236938 7
tri -1.178004 -0.929045 -2.602333 -1.559949 -0.932601 -2.236938 -1.559949 -0.941103 -2.215707 7
tri -1.559949 -0.925099 -2.987761 -1.559949 -0.361760 -2.988959 -1.173323 -0.127475 -2.602333 7
tri -1.559949 -0.925099 -2.987761 -1.173323 -0.127475 -2.602333 -1.178004 -0.929045 -2.602333 7
tri -3.679213 -0.941103 -2.215707 -4.061050 -0.942454 -2.602333 -3.679213 -0.925099 -2.987761 7
tri -3.679213 -0.941103 -2.215707 -3.679213 -0.925099 -2.987761 -3.297268 -0.929045 -2.602333 7
tri -4.065840 -0.127475 -2.602333 -3.679213 0.110207 -2.215707 -3.292587 -0.127475 -2.602333 7
tri -4.065840 -0.127475 -2.602333 -3.292587 -0.127475 -2.602333 -3.679213 -0.361760 -2.988959 7
tri -4.061050 -0.942454 -2.602333 -4.065840 -0.127475 -2.602333 -3.679213 -0.361760 -2.988959 7
tri -4.061050 -0.942454 -2.602333 -3.679213 -0.361760 -2.988959 -3.679213 -0.925099 -2.987761 7
tri -3.679213 -0.941103 -2.215707 -3.679213 0.110207 -2.215707 -4.065840 -0.127475 -2.602333 7
tri -3.679213 -0.941103 -2.215707 -4.065840 -0.127475 -2.602333 -4.061050 -0.942454 -2.602333 7
tri -3.297268 -0.929045 -2.602333 -3.292587 -0.127475 -2.602333 -3.679213 0.110207 -2.215707 7
tri -3.297268 -0.929045 -2.602333 -3.679213 0.110207 -2.215707 -3.679213 -0.941103 -2.215707 7
tri -3.679213 -0.941103 -2.215707 -4.061050 -0.942454 -2.602333 -3.679213 -0.932601 -2.236938 7
tri -3.679213 -0.932601 -2.236938 -4.061050 -0.942454 -2.602333 -3.679213 -0.941103 -2.215707 7
tri -3.297268 -0.929045 -2.602333 -3.679213 -0.941103 -2.215707 -3.679213 -0.932601 -2.236938 7
tri -3.297268 -0.929045 -2.602333 -3.679213 -0.932601 -2.236938 -3.679213 -0.941103 -2.215707 7
tri -3.679213 -0.925099 -2.987761 -3.679213 -0.361760 -2.988959 -3.292587 -0.127475 -2.602333 7
tri -3.679213 -0.925099 -2.987761 -3.292587 -0.127475 -2.602333 -3.297268 -0.929045 -2.602333 7
tri 2.618008 -0.941103 -2.215707 2.231382 -0.941079 -2.602333 2.618008 -0.925099 -2.987762 7
tri 2.618008 -0.941103 -2.215707 2.618008 -0.925099 -2.987762 2.999953 -0.929045 -2.602333 7
tri 2.231382 -0.127475 -2.602333 2.618008 0.110207 -2.215707 3.004634 -0.127475 -2.602333 7
tri 2.231382 -0.127475 -2.602333 3.004634 -0.127475 -2.602333 2.618008 -0.361760 -2.988960 7
tri 2.231382 -0.941079 -2.602333 2.231382 -0.127475 -2.602333 2.618008 -0.361760 -2.988960 7
tri 2.231382 -0.941079 -2.602333 2.618008 -0.361760 -2.988960 2.618008 -0.925099 -2.987762 7
tri 2.618008 -0.941103 -2.215707 2.618008 0.110207 -2.215707 2.231382 -0.127475 -2.602333 7
tri 2.618008 -0.941103 -2.215707 2.231382 -0.127475 -2.602333 2.231382 -0.941079 -2.602333 7
tri 2.999953 -0.929045 -2.602333 3.004634 -0.127475 -2.602333 2.618008 0.110207 -2.215707 7
tri 2.999953 -0.929045 -2.602333 2.618008 0.110207 -2.215707 2.618008 -0.941103 -2.215707 7
tri 2.231382 -0.941079 -2.602333 2.618008 -0.925099 -2.987762 2.252613 -0.932601 -2.602333 7
tri 2.252613 -0.932601 -2.602333 2.618008 -0.925099 -2.987762 2.231382 -0.941079 -2.602333 7
tri 2.618008 -0.941103 -2.215707 2.231382 -0.941079 -2.602333 2.252613 -0.932601 -2.602333 7
tri 2.618008 -0.941103 -2.215707 2.252613 -0.932601 -2.602333 2.618008 -0.932601 -2.236938 7
tri 2.618008 -0.932601 -2.236938 2.252613 -0.932601 -2.602333 2.231382 -0.941079 -2.602333 7
tri 2.618008 -0.932601 -2.236938 2.231382 -0.941079 -2.602333 2.618008 -0.941103 -2.215707 7
tri 2.999953 -0.929045 -2.602333 2.618008 -0.941103 -2.215707 2.618008 -0.932601 -2.236938 7
tri 2.999953 -0.929045 -2.602333 2.618008 -0.932601 -2.236938 2.618008 -0.941103 -2.215707 7
tri 2.618008 -0.925099 -2.987762 2.618008 -0.361760 -2.988960 3.004634 -0.127475 -2.602333 7
tri 2.618008 -0.925099 -2.987762 3.004634 -0.127475 -2.602333 2.999953 -0.929045 -2.602333 7
tri 3.659643 -0.941103 -2.215707 3.277807 -0.942454 -2.602333 3.659643 -0.925099 -2.987762 7
tri 3.659643 -0.941103 -2.215707 3.659643 -0.925099 -2.987762 4.046270 -0.927419 -2.602333 7
tri 3.273017 -0.127475 -2.602333 3.659643 0.110207 -2.215707 4.046270 -0.127475 -2.602333 7
tri 3.273017 -0.127475 -2.602333 4.046270 -0.127475 -2.602333 3.659643 -0.361760 -2.988960 7
tri 3.277807 -0.942454 -2.602333 3.273017 -0.127475 -2.602333 3.659643 -0.361760 -2.988960 7
tri 3.277807 -0.942454 -2.602333 3.659643 -0.361760 -2.988960 3.659643 -0.925099 -2.987762 7
tri 3.659643 -0.941103 -2.215707 3.659643 0.110207 -2.215707 3.273017 -0.127475 -2.602333 7
tri 3.659643 -0.941103 -2.215707 3.273017 -0.127475 -2.602333 3.277807 -0.942454 -2.602333 7
tri 4.046270 -0.927419 -2.602333 4.046270 -0.127475 -2.602333 3.659643 0.110207 -2.215707 7
tri 4.046270 -0.927419 -2.602333 3.659643 0.110207 -2.215707 3.659643 -0.941103 -2.215707 7
tri 3.659643 -0.925099 -2.987762 4.046270 -0.927419 -2.602333 4.025039 -0.932601 -2.602333 7
tri 3.659643 -0.925099 -2.987762 4.025039 -0.932601 -2.602333 4.046270 -0.927419 -2.602333 7
tri 3.659643 -0.941103 -2.215707 3.277807 -0.942454 -2.602333 3.659643 -0.932601 -2.236938 7
tri 3.659643 -0.932601 -2.236938 3.277807 -0.942454 -2.602333 3.659643 -0.941103 -2.215707 7
tri 4.046270 -0.927419 -2.602333 3.659643 -0.941103 -2.215707 3.659643 -0.932601 -2.236938 7
tri 4.046270 -0.927419 -2.602333 3.659643 -0.932601 -2.236938 4.025039 -0.932601 -2.602333 7
tri 4.025039 -0.932601 -2.602333 3.659643 -0.932601 -2.236938 3.659643 -0.941103 -2.215707 7
tri 4.025039 -0.932601 -2.602333 3.659643 -0.941103 -2.215707 4.046270 -0.927419 -2.602333 7
tri 3.659643 -0.925099 -2.987762 3.659643 -0.361760 -2.988960 4.046270 -0.127475 -2.602333 7
tri 3.659643 -0.925099 -2.987762 4.046270 -0.127475 -2.602333 4.046270 -0.927419 -2.602333 7
tri 1.540380 -0.941103 -2.215707 1.158543 -0.942454 -2.602333 1.540380 -0.925099 -2.987762 7
tri 1.540380 -0.941103 -2.215707 1.540380 -0.925099 -2.987762 1.922325 -0.929045 -2.602333 7
tri 1.153754 -0.127475 -2.602333 1.540380 0.110207 -2.215707 1.927006 -0.127475 -2.602333 7
tri 1.153754 -0.127475 -2.602333 1.927006 -0.127475 -2.602333 1.540380 -0.361760 -2.988960 7
tri 1.158543 -0.942454 -2.602333 1.153754 -0.127475 -2.602333 1.540380 -0.361760 -2.988960 7
tri 1.158543 -0.942454 -2.602333 1.540380 -0.361760 -2.988960 1.540380 -0.925099 -2.987762 7
tri 1.540380 -0.941103 -2.215707 1.540380 0.110207 -2.215707 1.153754 -0.127475 -2.602333 7
tri 1.540380 -0.941103 -2.215707 1.153754 -0.127475 -2.602333 1.158543 -0.942454 -2.602333 7
tri 1.922325 -0.929045 -2.602333 1.927006 -0.127475 -2.602333 1.540380 0.110207 -2.215707 7
tri 1.922325 -0.929045 -2.602333 1.540380 0.110207 -2.215707 1.540380 -0.941103 -2.215707 7
tri 1.540380 -0.941103 -2.215707 1.158543 -0.942454 -2.602333 1.540380 -0.932601 -2.236938 7
tri 1.540380 -0.932601 -2.236938 1.158543 -0.942454 -2.602333 1.540380 -0.941103 -2.215707 7
tri 1.922325 -0.929045 -2.602333 1.540380 -0.941103 -2.215707 1.540380 -0.932601 -2.236938 7
tri 1.922325 -0.929045 -2.602333 1.540380 -0.932601 -2.236938 1.540380 -0.941103 -2.215707 7
tri 1.540380 -0.925099 -2.987762 1.540380 -0.361760 -2.988960 1.927006 -0.127475 -2.602333 7
tri 1.540380 -0.925099 -2.987762 1.927006 -0.127475 -2.602333 1.922325 -0.929045 -2.602333 7
tri -0.885054 1.381479 -3.635274 -0.537344 1.279063 -3.287564 -0.537344 1.066738 -3.635428 7
tri -0.111801 0.678359 -3.635274 -0.459512 0.783830 -3.982984 -0.459512 0.995966 -3.635428 7
tri -0.537344 0.854602 -3.982984 -0.885054 1.381479 -3.635274 -0.537344 1.066738 -3.635428 7
tri -0.459512 1.208291 -3.287564 -0.111801 0.678359 -3.635274 -0.459512 0.995966 -3.635428 7
tri -0.501019 -0.931952 -3.276824 -0.881888 -0.921378 -3.640669 -0.518578 -0.925925 -3.996614 7
tri -0.501019 -0.931952 -3.276824 -0.518578 -0.925925 -3.996614 -0.128617 -0.929947 -3.640669 7
tri -0.458363 -0.919310 -3.987230 -0.459512 0.274872 -3.988379 -0.111801 0.412116 -3.640669 7
tri -0.458363 -0.919310 -3.987230 -0.111801 0.412116 -3.640669 -0.128617 -0.929947 -3.640669 7
tri -0.111801 0.412116 -3.640669 -0.459512 0.274872 -3.988379 -0.459512 0.783830 -3.982984 7
tri -0.111801 0.412116 -3.640669 -0.459512 0.783830 -3.982984 -0.111801 0.678359 -3.635274 7
tri -0.881888 -0.921378 -3.640669 -0.885054 0.412116 -3.640669 -0.537344 0.274872 -3.988379 7
tri -0.881888 -0.921378 -3.640669 -0.537344 0.274872 -3.988379 -0.518578 -0.925925 -3.996614 7
tri -0.128617 -0.929947 -3.640669 -0.111801 0.412116 -3.640669 -0.459512 0.625874 -3.292959 7
tri -0.128617 -0.929947 -3.640669 -0.459512 0.625874 -3.292959 -0.445231 -0.919310 -3.307239 7
tri -0.537344 0.484729 -3.572601 -0.537344 0.274872 -3.988379 -0.537344 0.854602 -3.982984 7
tri -0.537344 0.484729 -3.572601 -0.537344 0.854602 -3.982984 -0.537344 1.066738 -3.635428 7
tri -0.459512 0.481073 -3.579846 -0.459512 0.274872 -3.988379 -0.537344 0.274872 -3.988379 7
tri -0.459512 0.481073 -3.579846 -0.537344 0.274872 -3.988379 -0.537344 0.484729 -3.572601 7
tri -0.501019 -0.931952 -3.276824 -0.537344 0.625874 -3.292959 -0.885054 0.412116 -3.640669 7
tri -0.501019 -0.931952 -3.276824 -0.885054 0.412116 -3.640669 -0.881888 -0.921378 -3.640669 7
tri -0.537344 0.274872 -3.988379 -0.885054 0.412116 -3.640669 -0.885054 1.381479 -3.635274 7
tri -0.537344 0.274872 -3.988379 -0.885054 1.381479 -3.635274 -0.537344 0.854602 -3.982984 7
tri -0.459512 0.625874 -3.292959 -0.111801 0.412116 -3.640669 -0.111801 0.678359 -3.635274 7
tri -0.459512 0.625874 -3.292959 -0.111801 0.678359 -3.635274 -0.459512 1.208291 -3.287564 7
tri -0.459512 0.481073 -3.579846 -0.459512 0.625874 -3.292959 -0.459512 1.208291 -3.287564 7
tri -0.459512 0.481073 -3.579846 -0.459512 1.208291 -3.287564 -0.459512 0.995966 -3.635428 7
tri -0.885054 0.412116 -3.640669 -0.537344 0.625874 -3.292959 -0.537344 1.279063 -3.287564 7
tri -0.885054 0.412116 -3.640669 -0.537344 1.279063 -3.287564 -0.885054 1.381479 -3.635274 7
tri -0.459512 0.274872 -3.988379 -0.458363 -0.919310 -3.987230 -0.518578 -0.925925 -3.996614 7
tri -0.459512 0.274872 -3.988379 -0.518578 -0.925925 -3.996614 -0.537344 0.274872 -3.988379 7
tri -0.537344 0.625874 -3.292959 -0.501019 -0.931952 -3.276824 -0.445231 -0.919310 -3.307239 7
tri -0.537344 0.625874 -3.292959 -0.445231 -0.919310 -3.307239 -0.459512 0.625874 -3.292959 7
tri -0.459512 0.274872 -3.988379 -0.459512 0.481073 -3.579846 -0.459512 0.995966 -3.635428 7
tri -0.459512 0.274872 -3.988379 -0.459512 0.995966 -3.635428 -0.459512 0.783830 -3.982984 7
tri -0.459512 0.625874 -3.292959 -0.459512 0.481073 -3.579846 -0.537344 0.484729 -3.572601 7
tri -0.459512 0.625874 -3.292959 -0.537344 0.484729 -3.572601 -0.537344 0.625874 -3.292959 7
tri -0.537344 0.625874 -3.292959 -0.537344 0.484729 -3.572601 -0.537344 1.066738 -3.635428 7
tri -0.537344 0.625874 -3.292959 -0.537344 1.066738 -3.635428 -0.537344 1.279063 -3.287564 7
tri -0.458363 -0.919310 -3.987230 -0.128617 -0.929947 -3.640669 -0.518578 -0.925925 -3.996614 7
tri -0.501019 -0.931952 -3.276824 -0.128617 -0.929947 -3.640669 -0.445231 -0.919310 -3.307239 7
tri 1.174662 0.601450 -3.635274 1.540006 0.815208 -3.287563 1.560091 0.283041 -3.987999 7
tri 1.540006 0.815208 -3.287563 1.947914 0.601450 -3.635274 1.560091 0.283041 -3.987999 7
tri 1.563354 -0.931443 -3.278047 1.177827 -0.921378 -3.640669 1.541458 -0.925876 -3.996543 7
tri 1.563354 -0.931443 -3.278047 1.541458 -0.925876 -3.996543 2.209724 -1.013782 -3.666719 7
tri 1.541458 -0.925876 -3.996543 1.560091 0.283041 -3.987999 2.157248 0.165579 -3.622313 7
tri 1.541458 -0.925876 -3.996543 2.157248 0.165579 -3.622313 2.209724 -1.013782 -3.666719 7
tri 2.157248 0.165579 -3.622313 1.560091 0.283041 -3.987999 1.947914 0.601450 -3.635274 7
tri 1.177827 -0.921378 -3.640669 1.174662 0.412116 -3.640669 1.560091 0.283041 -3.987999 7
tri 1.177827 -0.921378 -3.640669 1.560091 0.283041 -3.987999 1.541458 -0.925876 -3.996543 7
tri 1.541458 -0.925876 -3.996543 1.926683 -0.932601 -3.640669 2.209724 -1.013782 -3.666719 7
tri 2.209724 -1.013782 -3.666719 2.157248 0.165579 -3.622313 1.565668 0.625874 -3.292959 7
tri 2.209724 -1.013782 -3.666719 1.565668 0.625874 -3.292959 1.563354 -0.931443 -3.278047 7
tri 1.926683 -0.932601 -3.640669 1.563354 -0.931443 -3.278047 2.209724 -1.013782 -3.666719 7
tri 1.565668 0.625874 -3.292959 1.560091 0.283041 -3.987999 1.540006 0.815208 -3.287563 7
tri 1.563354 -0.931443 -3.278047 1.565668 0.625874 -3.292959 1.174662 0.412116 -3.640669 7
tri 1.563354 -0.931443 -3.278047 1.174662 0.412116 -3.640669 1.177827 -0.921378 -3.640669 7
tri 1.560091 0.283041 -3.987999 1.174662 0.412116 -3.640669 1.174662 0.601450 -3.635274 7
tri 1.565668 0.625874 -3.292959 2.157248 0.165579 -3.622313 1.947914 0.601450 -3.635274 7
tri 1.565668 0.625874 -3.292959 1.947914 0.601450 -3.635274 1.540006 0.815208 -3.287563 7
tri 1.560091 0.283041 -3.987999 1.565668 0.625874 -3.292959 1.540006 0.815208 -3.287563 7
tri 1.174662 0.412116 -3.640669 1.565668 0.625874 -3.292959 1.540006 0.815208 -3.287563 7
tri 1.174662 0.412116 -3.640669 1.540006 0.815208 -3.287563 1.174662 0.601450 -3.635274 7
tri 1.926683 -0.932601 -3.640669 1.541458 -0.925876 -3.996543 2.209724 -1.013782 -3.666719 7
tri 2.209724 -1.013782 -3.666719 1.563354 -0.931443 -3.278047 1.926683 -0.932601 -3.640669 7
tri -2.723166 -1.020325 -3.555371 -2.619900 -0.924464 -4.005942 -2.445315 -1.017508 -3.833264 7
tri -2.423579 0.250645 -3.470567 -1.982553 0.408140 -3.640373 -2.330009 -0.056734 -3.534122 7
tri -2.924996 0.015896 -3.585301 -2.821904 0.259103 -3.456731 -3.006443 0.157626 -3.621722 7
tri -2.330009 -0.056734 -3.534122 -1.982553 0.408140 -3.640373 -2.233191 -0.079369 -3.621722 7
tri -2.330492 -0.155417 -3.533114 -2.330009 -0.056734 -3.534122 -2.233191 -0.079369 -3.621722 7
tri -2.330492 -0.155417 -3.533114 -2.233191 -0.079369 -3.621722 -2.233191 -0.155417 -3.621722 7
tri -2.723166 -1.020325 -3.555371 -2.907334 -0.155417 -3.544010 -2.960720 -1.013782 -3.666719 7
tri -2.353435 -1.039039 -3.571180 -2.330492 -0.155417 -3.533114 -2.233191 -0.155417 -3.621722 7
tri -2.353435 -1.039039 -3.571180 -2.233191 -0.155417 -3.621722 -1.978576 -0.920122 -3.640669 7
tri -2.353435 -1.039039 -3.571180 -2.330492 -0.155417 -3.533114 -2.649097 -0.155417 -3.264937 7
tri -2.353435 -1.039039 -3.571180 -2.649097 -0.155417 -3.264937 -2.656760 -1.006448 -3.273516 7
tri -2.330009 -0.056734 -3.534122 -2.423579 0.250645 -3.470567 -2.630841 0.362375 -3.288687 7
tri -2.330009 -0.056734 -3.534122 -2.630841 0.362375 -3.288687 -2.653041 -0.079369 -3.268528 7
tri -2.445315 -1.017508 -3.833264 -2.445052 -0.155417 -3.833583 -2.330492 -0.155417 -3.533114 7
tri -2.445315 -1.017508 -3.833264 -2.330492 -0.155417 -3.533114 -2.353435 -1.039039 -3.571180 7
tri -2.445052 -0.155417 -3.833583 -2.445052 -0.066111 -3.833583 -2.330009 -0.056734 -3.534122 7
tri -2.445052 -0.155417 -3.833583 -2.330009 -0.056734 -3.534122 -2.330492 -0.155417 -3.533114 7
tri -2.615823 0.133405 -3.662812 -2.423579 0.250645 -3.470567 -2.330009 -0.056734 -3.534122 7
tri -2.615823 0.133405 -3.662812 -2.330009 -0.056734 -3.534122 -2.445052 -0.066111 -3.833583 7
tri -2.821904 0.259103 -3.456731 -2.630841 0.362375 -3.288687 -2.423579 0.250645 -3.470567 7
tri -2.821904 0.259103 -3.456731 -2.423579 0.250645 -3.470567 -2.615823 0.133405 -3.662812 7
tri -2.233191 -0.079369 -3.621722 -1.982553 0.408140 -3.640373 -2.423579 0.250645 -3.470567 7
tri -2.233191 -0.079369 -3.621722 -2.423579 0.250645 -3.470567 -2.330009 -0.056734 -3.534122 7
tri -2.233191 -0.155417 -3.621722 -2.233191 -0.079369 -3.621722 -2.330009 -0.056734 -3.534122 7
tri -2.233191 -0.155417 -3.621722 -2.330009 -0.056734 -3.534122 -2.330492 -0.155417 -3.533114 7
tri -1.978576 -0.920122 -3.640669 -2.233191 -0.155417 -3.621722 -2.330492 -0.155417 -3.533114 7
tri -1.978576 -0.920122 -3.640669 -2.330492 -0.155417 -3.533114 -2.353435 -1.039039 -3.571180 7
tri -2.960720 -1.013782 -3.666719 -2.907334 -0.155417 -3.544010 -2.638995 -0.155417 -3.989169 7
tri -2.960720 -1.013782 -3.666719 -2.638995 -0.155417 -3.989169 -2.619900 -0.924464 -4.005942 7
tri -2.907334 -0.155417 -3.544010 -2.924996 0.015896 -3.585301 -2.625135 -0.075886 -4.003029 7
tri -2.907334 -0.155417 -3.544010 -2.625135 -0.075886 -4.003029 -2.638995 -0.155417 -3.989169 7
tri -2.723166 -1.020325 -3.555371 -2.960720 -1.013782 -3.666719 -2.619900 -0.924464 -4.005942 7
tri -2.656760 -1.006448 -3.273516 -2.723166 -1.020325 -3.555371 -2.353435 -1.039039 -3.571180 7
tri -2.924996 0.015896 -3.585301 -2.821904 0.259103 -3.456731 -2.615823 0.133405 -3.662812 7
tri -2.924996 0.015896 -3.585301 -2.615823 0.133405 -3.662812 -2.625135 -0.075886 -4.003029 7
tri -2.625135 -0.075886 -4.003029 -2.615823 0.133405 -3.662812 -2.445052 -0.066111 -3.833583 7
tri -2.638995 -0.155417 -3.989169 -2.625135 -0.075886 -4.003029 -2.445052 -0.066111 -3.833583 7
tri -2.638995 -0.155417 -3.989169 -2.445052 -0.066111 -3.833583 -2.445052 -0.155417 -3.833583 7
tri -2.619900 -0.924464 -4.005942 -2.638995 -0.155417 -3.989169 -2.445052 -0.155417 -3.833583 7
tri -2.619900 -0.924464 -4.005942 -2.445052 -0.155417 -3.833583 -2.445315 -1.017508 -3.833264 7
tri -3.006443 0.157626 -3.621722 -2.821904 0.259103 -3.456731 -2.924996 0.015896 -3.585301 7
tri -2.656760 -1.006448 -3.273516 -2.649097 -0.155417 -3.264937 -2.907334 -0.155417 -3.544010 7
tri -2.656760 -1.006448 -3.273516 -2.907334 -0.155417 -3.544010 -2.723166 -1.020325 -3.555371 7
tri -2.653041 -0.079369 -3.268528 -2.630841 0.362375 -3.288687 -2.821904 0.259103 -3.456731 7
tri -2.653041 -0.079369 -3.268528 -2.821904 0.259103 -3.456731 -2.924996 0.015896 -3.585301 7
tri -2.353435 -1.039039 -3.571180 -2.723166 -1.020325 -3.555371 -2.445315 -1.017508 -3.833264 7
tri 2.676417 -1.045317 -3.541014 2.380081 -1.005024 -3.837293 2.705444 -1.015240 -3.853409 7
tri 2.746866 0.250645 -3.470567 2.937254 0.157626 -3.621722 2.932646 -0.056739 -3.626329 7
tri 2.281868 -0.079369 -3.503855 2.348540 0.259103 -3.456731 2.157248 0.165579 -3.622313 7
tri 2.281868 -0.079369 -3.503855 2.157248 0.165579 -3.622313 2.209028 0.111161 -3.666748 7
tri 2.281868 -0.155417 -3.503855 2.281868 -0.079369 -3.503855 2.209028 0.111161 -3.666748 7
tri 2.281868 -0.155417 -3.503855 2.209028 0.111161 -3.666748 2.206796 -0.155417 -3.664516 7
tri 2.379856 -0.155417 -3.837577 2.379856 0.018579 -3.837577 2.699620 -0.075017 -3.859355 7
tri 2.379856 -0.155417 -3.837577 2.699620 -0.075017 -3.859355 2.695013 -0.155417 -3.863962 7
tri 2.380081 -1.005024 -3.837293 2.379856 -0.155417 -3.837577 2.695013 -0.155417 -3.863962 7
tri 2.380081 -1.005024 -3.837293 2.695013 -0.155417 -3.863962 2.705444 -1.015240 -3.853409 7
tri 2.339917 -0.994437 -3.447913 2.281868 -0.155417 -3.503855 2.206796 -0.155417 -3.664516 7
tri 2.339917 -0.994437 -3.447913 2.206796 -0.155417 -3.664516 2.209724 -1.013782 -3.666719 7
tri 2.676417 -1.045317 -3.541014 2.831960 -0.155417 -3.516428 2.555118 -0.155417 -3.239586 7
tri 2.676417 -1.045317 -3.541014 2.555118 -0.155417 -3.239586 2.561389 -1.045592 -3.313117 7
tri 2.585497 0.109717 -3.646515 2.746866 0.250645 -3.470567 2.567758 0.352199 -3.305262 7
tri 2.585497 0.109717 -3.646515 2.567758 0.352199 -3.305262 2.553973 -0.079369 -3.238442 7
tri 2.348540 0.259103 -3.456731 2.513531 0.372502 -3.272192 2.567758 0.352199 -3.305262 7
tri 2.705444 -1.015240 -3.853409 2.695013 -0.155417 -3.863962 2.933087 -0.155417 -3.625888 7
tri 2.705444 -1.015240 -3.853409 2.933087 -0.155417 -3.625888 2.917536 -0.985339 -3.640278 7
tri 2.561389 -1.045592 -3.313117 2.555118 -0.155417 -3.239586 2.513531 -0.155417 -3.272192 7
tri 2.561389 -1.045592 -3.313117 2.513531 -0.155417 -3.272192 2.513670 -1.006442 -3.273503 7
tri 2.555118 -0.155417 -3.239586 2.553973 -0.079369 -3.238442 2.513531 -0.079369 -3.272192 7
tri 2.555118 -0.155417 -3.239586 2.513531 -0.079369 -3.272192 2.513531 -0.155417 -3.272192 7
tri 2.695013 -0.155417 -3.863962 2.699620 -0.075017 -3.859355 2.932646 -0.056739 -3.626329 7
tri 2.695013 -0.155417 -3.863962 2.932646 -0.056739 -3.626329 2.933087 -0.155417 -3.625888 7
tri 2.553973 -0.079369 -3.238442 2.567758 0.352199 -3.305262 2.513531 0.372502 -3.272192 7
tri 2.553973 -0.079369 -3.238442 2.513531 0.372502 -3.272192 2.513531 -0.079369 -3.272192 7
tri 2.585497 0.109717 -3.646515 2.746866 0.250645 -3.470567 2.932646 -0.056739 -3.626329 7
tri 2.585497 0.109717 -3.646515 2.932646 -0.056739 -3.626329 2.699620 -0.075017 -3.859355 7
tri 2.348540 0.259103 -3.456731 2.567758 0.352199 -3.305262 2.746866 0.250645 -3.470567 7
tri 2.348540 0.259103 -3.456731 2.746866 0.250645 -3.470567 2.585497 0.109717 -3.646515 7
tri 2.932646 -0.056739 -3.626329 2.937254 0.157626 -3.621722 2.746866 0.250645 -3.470567 7
tri 2.932646 -0.056739 -3.626329 2.746866 0.250645 -3.470567 2.585497 0.109717 -3.646515 7
tri 2.933087 -0.155417 -3.625888 2.932646 -0.056739 -3.626329 2.585497 0.109717 -3.646515 7
tri 2.933087 -0.155417 -3.625888 2.585497 0.109717 -3.646515 2.831960 -0.155417 -3.516428 7
tri 2.917536 -0.985339 -3.640278 2.933087 -0.155417 -3.625888 2.831960 -0.155417 -3.516428 7
tri 2.917536 -0.985339 -3.640278 2.831960 -0.155417 -3.516428 2.676417 -1.045317 -3.541014 7
tri 2.209724 -1.013782 -3.666719 2.206796 -0.155417 -3.664516 2.379856 -0.155417 -3.837577 7
tri 2.209724 -1.013782 -3.666719 2.379856 -0.155417 -3.837577 2.380081 -1.005024 -3.837293 7
tri 2.206796 -0.155417 -3.664516 2.209028 0.111161 -3.666748 2.379856 0.018579 -3.837577 7
tri 2.206796 -0.155417 -3.664516 2.379856 0.018579 -3.837577 2.379856 -0.155417 -3.837577 7
tri 2.339917 -0.994437 -3.447913 2.209724 -1.013782 -3.666719 2.380081 -1.005024 -3.837293 7
tri 2.339917 -0.994437 -3.447913 2.380081 -1.005024 -3.837293 2.676417 -1.045317 -3.541014 7
tri 2.561389 -1.045592 -3.313117 2.339917 -0.994437 -3.447913 2.676417 -1.045317 -3.541014 7
tri 2.209028 0.111161 -3.666748 2.348540 0.259103 -3.456731 2.585497 0.109717 -3.646515 7
tri 2.209028 0.111161 -3.666748 2.585497 0.109717 -3.646515 2.379856 0.018579 -3.837577 7
tri 2.379856 0.018579 -3.837577 2.585497 0.109717 -3.646515 2.699620 -0.075017 -3.859355 7
tri 2.157248 0.165579 -3.622313 2.348540 0.259103 -3.456731 2.209028 0.111161 -3.666748 7
tri 2.513670 -1.006442 -3.273503 2.339917 -0.994437 -3.447913 2.561389 -1.045592 -3.313117 7
tri 2.513670 -1.006442 -3.273503 2.513531 -0.155417 -3.272192 2.281868 -0.155417 -3.503855 7
tri 2.513670 -1.006442 -3.273503 2.281868 -0.155417 -3.503855 2.339917 -0.994437 -3.447913 7
tri 2.513531 -0.079369 -3.272192 2.513531 0.372502 -3.272192 2.348540 0.259103 -3.456731 7
tri 2.513531 -0.079369 -3.272192 2.348540 0.259103 -3.456731 2.281868 -0.079369 -3.503855 7
tri 2.676417 -1.045317 -3.541014 2.705444 -1.015240 -3.853409 2.917536 -0.985339 -3.640278 7
tri -3.824111 -1.011132 -3.872962 -3.800139 -0.165445 -3.896934 -3.580774 -0.188705 -3.935319 7
tri -3.824111 -1.011132 -3.872962 -3.580774 -0.188705 -3.935319 -3.545192 -1.016793 -3.899671 7
tri -3.671225 -1.005610 -3.252959 -3.542388 0.149200 -3.381432 -3.628788 0.358362 -3.295033 7
tri -3.413682 -1.006809 -3.767974 -3.413513 0.024197 -3.768058 -3.369149 0.042699 -3.554671 7
tri -3.413682 -1.006809 -3.767974 -3.369149 0.042699 -3.554671 -3.348901 -1.044361 -3.574919 7
tri -3.348901 -1.044361 -3.574919 -3.369149 0.042699 -3.554671 -3.542388 0.149200 -3.381432 7
tri -3.348901 -1.044361 -3.574919 -3.542388 0.149200 -3.381432 -3.671225 -1.005610 -3.252959 7
tri -3.928241 -0.993644 -3.510756 -3.898510 0.041533 -3.556936 -3.913904 0.019217 -3.783169 7
tri -3.928241 -0.993644 -3.510756 -3.913904 0.019217 -3.783169 -3.824111 -1.011132 -3.872962 7
tri -3.824111 -1.011132 -3.872962 -3.913904 0.019217 -3.783169 -3.800139 -0.165445 -3.896934 7
tri -3.800139 -0.165445 -3.896934 -3.601697 -0.006718 -3.935036 -3.913904 0.019217 -3.783169 7
tri -3.601839 0.027874 -3.579732 -3.542388 0.149200 -3.381432 -3.369149 0.042699 -3.554671 7
tri -3.928241 -0.993644 -3.510756 -3.824111 -1.011132 -3.872962 -3.545192 -1.016793 -3.899671 7
tri -3.671225 -1.005610 -3.252959 -3.557302 -1.046214 -3.624269 -3.348901 -1.044361 -3.574919 7
tri -3.557302 -1.046214 -3.624269 -3.928241 -0.993644 -3.510756 -3.545192 -1.016793 -3.899671 7
tri -3.671225 -1.005610 -3.252959 -3.800131 -1.014464 -3.381449 -3.557302 -1.046214 -3.624269 7
tri -3.800131 -1.014464 -3.381449 -3.928241 -0.993644 -3.510756 -3.557302 -1.046214 -3.624269 7
tri -3.913904 0.019217 -3.783169 -3.898510 0.041533 -3.556936 -3.601697 -0.006718 -3.935036 7
tri -3.913904 0.019217 -3.783169 -3.601697 -0.006718 -3.935036 -3.800139 -0.165445 -3.896934 7
tri -3.898510 0.041533 -3.556936 -3.601839 0.027874 -3.579732 -3.601697 -0.006718 -3.935036 7
tri -3.601839 0.027874 -3.579732 -3.369149 0.042699 -3.554671 -3.351089 0.217025 -3.572731 7
tri -3.601839 0.027874 -3.579732 -3.351089 0.217025 -3.572731 -3.572593 0.195408 -3.608977 7
tri -3.898510 0.041533 -3.556936 -3.800139 0.149200 -3.381432 -3.601839 0.027874 -3.579732 7
tri -3.545192 -1.016793 -3.899671 -3.580774 -0.188705 -3.935319 -3.413513 0.024197 -3.768058 7
tri -3.545192 -1.016793 -3.899671 -3.413513 0.024197 -3.768058 -3.413682 -1.006809 -3.767974 7
tri -3.671225 -1.005610 -3.252959 -3.628788 0.358362 -3.295033 -3.800139 0.149200 -3.381432 7
tri -3.671225 -1.005610 -3.252959 -3.800139 0.149200 -3.381432 -3.800131 -1.014464 -3.381449 7
tri -3.800131 -1.014464 -3.381449 -3.800139 0.149200 -3.381432 -3.898510 0.041533 -3.556936 7
tri -3.800131 -1.014464 -3.381449 -3.898510 0.041533 -3.556936 -3.928241 -0.993644 -3.510756 7
tri -3.898510 0.041533 -3.556936 -3.913904 0.019217 -3.783169 -3.891353 0.216259 -3.574462 7
tri -3.601697 -0.006718 -3.935036 -3.601839 0.027874 -3.579732 -3.413513 0.024197 -3.768058 7
tri -3.601697 -0.006718 -3.935036 -3.413513 0.024197 -3.768058 -3.580774 -0.188705 -3.935319 7
tri -3.348901 -1.044361 -3.574919 -3.557302 -1.046214 -3.624269 -3.413682 -1.006809 -3.767974 7
tri -3.557302 -1.046214 -3.624269 -3.545192 -1.016793 -3.899671 -3.413682 -1.006809 -3.767974 7
tri -3.572593 0.195408 -3.608977 -3.351089 0.217025 -3.572731 -3.413513 0.024197 -3.768058 7
tri -3.800139 0.334628 -3.381432 -3.628788 0.358362 -3.295033 -3.572593 0.195408 -3.608977 7
tri -3.800139 0.149200 -3.381432 -3.628788 0.358362 -3.295033 -3.800139 0.334628 -3.381432 7
tri -3.580774 -0.188705 -3.935319 -3.800139 -0.165445 -3.896934 -3.913904 0.019217 -3.783169 7
tri -3.580774 -0.188705 -3.935319 -3.913904 0.019217 -3.783169 -3.601697 -0.006718 -3.935036 7
tri -3.913904 0.019217 -3.783169 -3.898510 0.041533 -3.556936 -3.891353 0.216259 -3.574462 7
tri -3.369149 0.042699 -3.554671 -3.413513 0.024197 -3.768058 -3.351089 0.217025 -3.572731 7
tri -3.542388 0.149200 -3.381432 -3.601839 0.027874 -3.579732 -3.572593 0.195408 -3.608977 7
tri -3.542388 0.149200 -3.381432 -3.572593 0.195408 -3.608977 -3.628788 0.358362 -3.295033 7
tri -3.601839 0.027874 -3.579732 -3.800139 0.149200 -3.381432 -3.800139 0.334628 -3.381432 7
tri -3.601839 0.027874 -3.579732 -3.800139 0.334628 -3.381432 -3.572593 0.195408 -3.608977 7
tri -3.413513 0.024197 -3.768058 -3.601839 0.027874 -3.579732 -3.572593 0.195408 -3.608977 7
tri 3.747592 -1.039622 -3.381432 3.747592 0.149200 -3.381432 3.604464 0.335150 -3.266809 7
tri 3.747592 -1.039622 -3.381432 3.604464 0.335150 -3.266809 3.492635 -1.016575 -3.378639 7
tri 3.852458 -1.011133 -3.792068 3.862183 0.019479 -3.782343 3.832435 0.016056 -3.598642 7
tri 3.852458 -1.011133 -3.792068 3.832435 0.016056 -3.598642 3.790512 -1.046185 -3.628488 7
tri 3.790512 -1.046185 -3.628488 3.492635 -1.016575 -3.378639 3.747592 -1.039622 -3.381432 7
tri 3.790512 -1.046185 -3.628488 3.747592 -1.039622 -3.381432 3.492635 -1.016575 -3.378639 7
tri 3.790512 -1.046185 -3.628488 3.832435 0.016056 -3.598642 3.747592 0.149200 -3.381432 7
tri 3.790512 -1.046185 -3.628488 3.747592 0.149200 -3.381432 3.747592 -1.039622 -3.381432 7
tri 3.361585 -0.993632 -3.510704 3.343929 0.059499 -3.527345 3.360966 0.025646 -3.768058 7
tri 3.361585 -0.993632 -3.510704 3.360966 0.025646 -3.768058 3.360968 -1.016185 -3.768057 7
tri 3.360968 -1.016185 -3.768057 3.360966 0.025646 -3.768058 3.598675 -0.231394 -4.005766 7
tri 3.360968 -1.016185 -3.768057 3.598675 -0.231394 -4.005766 3.623805 -1.013969 -4.003390 7
tri 3.603441 0.061004 -3.525583 3.747592 0.149200 -3.381432 3.832435 0.016056 -3.598642 7
tri 3.361585 -0.993632 -3.510704 3.360968 -1.016185 -3.768057 3.569130 -1.046214 -3.559894 7
tri 3.569130 -1.046214 -3.559894 3.360968 -1.016185 -3.768057 3.623805 -1.013969 -4.003390 7
tri 3.747592 -1.039622 -3.381432 3.569130 -1.046214 -3.559894 3.790512 -1.046185 -3.628488 7
tri 3.569130 -1.046214 -3.559894 3.623805 -1.013969 -4.003390 3.790512 -1.046185 -3.628488 7
tri 3.492635 -1.016575 -3.378639 3.569130 -1.046214 -3.559894 3.747592 -1.039622 -3.381432 7
tri 3.492635 -1.016575 -3.378639 3.361585 -0.993632 -3.510704 3.569130 -1.046214 -3.559894 7
tri 3.360966 0.025646 -3.768058 3.603441 0.061004 -3.525583 3.617049 -0.040165 -3.967570 7
tri 3.360966 0.025646 -3.768058 3.617049 -0.040165 -3.967570 3.598675 -0.231394 -4.005766 7
tri 3.603441 0.061004 -3.525583 3.832435 0.016056 -3.598642 3.617049 -0.040165 -3.967570 7
tri 3.343929 0.059499 -3.527345 3.489842 0.149200 -3.381432 3.603441 0.061004 -3.525583 7
tri 3.623805 -1.013969 -4.003390 3.598675 -0.231394 -4.005766 3.747592 -0.165445 -3.896934 7
tri 3.623805 -1.013969 -4.003390 3.747592 -0.165445 -3.896934 3.852458 -1.011133 -3.792068 7
tri 3.852458 -1.011133 -3.792068 3.747592 -0.165445 -3.896934 3.862183 0.019479 -3.782343 7
tri 3.492635 -1.016575 -3.378639 3.604464 0.335150 -3.266809 3.489842 0.149200 -3.381432 7
tri 3.492635 -1.016575 -3.378639 3.489842 0.149200 -3.381432 3.343929 0.059499 -3.527345 7
tri 3.492635 -1.016575 -3.378639 3.343929 0.059499 -3.527345 3.361585 -0.993632 -3.510704 7
tri 3.603441 0.061004 -3.525583 3.360966 0.025646 -3.768058 3.603111 0.246230 -3.525913 7
tri 3.617049 -0.040165 -3.967570 3.832435 0.016056 -3.598642 3.862183 0.019479 -3.782343 7
tri 3.617049 -0.040165 -3.967570 3.862183 0.019479 -3.782343 3.747592 -0.165445 -3.896934 7
tri 3.790512 -1.046185 -3.628488 3.623805 -1.013969 -4.003390 3.852458 -1.011133 -3.792068 7
tri 3.604464 0.335150 -3.266809 3.747592 0.334628 -3.381432 3.603111 0.246230 -3.525913 7
tri 3.301563 0.218881 -3.569711 3.603111 0.246230 -3.525913 3.360966 0.025646 -3.768058 7
tri 3.360966 0.025646 -3.768058 3.343929 0.059499 -3.527345 3.301563 0.218881 -3.569711 7
tri 3.343929 0.059499 -3.527345 3.603441 0.061004 -3.525583 3.603111 0.246230 -3.525913 7
tri 3.343929 0.059499 -3.527345 3.603111 0.246230 -3.525913 3.301563 0.218881 -3.569711 7
tri 3.832435 0.016056 -3.598642 3.862183 0.019479 -3.782343 3.794568 0.186743 -3.622916 7
tri 3.747592 0.149200 -3.381432 3.603441 0.061004 -3.525583 3.603111 0.246230 -3.525913 7
tri 3.747592 0.149200 -3.381432 3.603111 0.246230 -3.525913 3.747592 0.334628 -3.381432 7
tri 3.603441 0.061004 -3.525583 3.489842 0.149200 -3.381432 3.604464 0.335150 -3.266809 7
tri 3.603441 0.061004 -3.525583 3.604464 0.335150 -3.266809 3.603111 0.246230 -3.525913 7
tri 3.617049 -0.040165 -3.967570 3.747592 -0.165445 -3.896934 3.862183 0.019479 -3.782343 7
tri 3.747592 -0.165445 -3.896934 3.598675 -0.231394 -4.005766 3.617049 -0.040165 -3.967570 7
tri 3.747592 -0.165445 -3.896934 3.617049 -0.040165 -3.967570 3.862183 0.019479 -3.782343 7
tri 3.604464 0.335150 -3.266809 3.747592 0.149200 -3.381432 3.747592 0.334628 -3.381432 7
tri 3.862183 0.019479 -3.782343 3.832435 0.016056 -3.598642 3.794568 0.186743 -3.622916 7
tri -1.978574 0.601450 -3.635274 -1.613230 0.815208 -3.287563 -1.593145 0.283041 -3.987999 7
tri -1.613230 0.815208 -3.287563 -1.205322 0.601450 -3.635274 -1.593145 0.283041 -3.987999 7
tri -1.589882 -0.931443 -3.278047 -1.978576 -0.920122 -3.640669 -1.611778 -0.925876 -3.996543 7
tri -1.589882 -0.931443 -3.278047 -1.611778 -0.925876 -3.996543 -1.222137 -0.929947 -3.640669 7
tri -1.611778 -0.925876 -3.996543 -1.593145 0.283041 -3.987999 -1.205322 0.412116 -3.640669 7
tri -1.611778 -0.925876 -3.996543 -1.205322 0.412116 -3.640669 -1.222137 -0.929947 -3.640669 7
tri -1.205322 0.412116 -3.640669 -1.593145 0.283041 -3.987999 -1.205322 0.601450 -3.635274 7
tri -1.978576 -0.920122 -3.640669 -1.982553 0.408140 -3.640373 -1.593145 0.283041 -3.987999 7
tri -1.978576 -0.920122 -3.640669 -1.593145 0.283041 -3.987999 -1.611778 -0.925876 -3.996543 7
tri -1.957343 -0.932601 -3.640669 -1.611778 -0.925876 -3.996543 -1.978576 -0.920122 -3.640669 7
tri -1.222137 -0.929947 -3.640669 -1.205322 0.412116 -3.640669 -1.587568 0.625874 -3.292959 7
tri -1.222137 -0.929947 -3.640669 -1.587568 0.625874 -3.292959 -1.589882 -0.931443 -3.278047 7
tri -1.589882 -0.931443 -3.278047 -1.957343 -0.932601 -3.640669 -1.978576 -0.920122 -3.640669 7
tri -1.587568 0.625874 -3.292959 -1.593145 0.283041 -3.987999 -1.613230 0.815208 -3.287563 7
tri -1.589882 -0.931443 -3.278047 -1.587568 0.625874 -3.292959 -1.982553 0.408140 -3.640373 7
tri -1.589882 -0.931443 -3.278047 -1.982553 0.408140 -3.640373 -1.978576 -0.920122 -3.640669 7
tri -1.593145 0.283041 -3.987999 -1.982553 0.408140 -3.640373 -1.978574 0.601450 -3.635274 7
tri -1.587568 0.625874 -3.292959 -1.205322 0.412116 -3.640669 -1.205322 0.601450 -3.635274 7
tri -1.587568 0.625874 -3.292959 -1.205322 0.601450 -3.635274 -1.613230 0.815208 -3.287563 7
tri -1.593145 0.283041 -3.987999 -1.587568 0.625874 -3.292959 -1.613230 0.815208 -3.287563 7
tri -1.982553 0.408140 -3.640373 -1.587568 0.625874 -3.292959 -1.613230 0.815208 -3.287563 7
tri -1.982553 0.408140 -3.640373 -1.613230 0.815208 -3.287563 -1.978574 0.601450 -3.635274 7
tri -1.957343 -0.932601 -3.640669 -1.589882 -0.931443 -3.278047 -1.978576 -0.920122 -3.640669 7
tri -1.978576 -0.920122 -3.640669 -1.611778 -0.925876 -3.996543 -1.957343 -0.932601 -3.640669 7
tri 0.707691 -1.016793 -3.899671 0.375775 0.580925 -3.819964 0.581620 0.456189 -4.025809 7
tri 0.396869 -0.923911 -3.485905 0.374737 0.810730 -3.460476 0.194993 0.690473 -3.639183 7
tri 0.772055 -0.919341 -3.495839 0.811722 0.863262 -3.506641 0.581620 0.928155 -3.252557 7
tri 0.772055 -0.919341 -3.495839 0.581620 0.928155 -3.252557 0.581620 -1.005598 -3.252920 7
tri 0.839201 -1.006809 -3.767974 0.785104 0.579495 -3.822325 0.968246 0.690473 -3.639183 7
tri 0.839201 -1.006809 -3.767974 0.968246 0.690473 -3.639183 0.772055 -0.919341 -3.495839 7
tri 0.772055 -0.919341 -3.495839 0.968246 0.690473 -3.639183 0.811722 0.863262 -3.506641 7
tri 0.811722 0.863262 -3.506641 0.772055 -0.919341 -3.495839 0.553186 0.703069 -3.619925 7
tri 0.396869 -0.923911 -3.485905 0.194993 0.690473 -3.639183 0.375775 0.580925 -3.819964 7
tri 0.396869 -0.923911 -3.485905 0.375775 0.580925 -3.819964 0.323871 -1.016185 -3.768057 7
tri 0.323871 -1.016185 -3.768057 0.375775 0.580925 -3.819964 0.707691 -1.016793 -3.899671 7
tri 0.375775 0.580925 -3.819964 0.553186 0.703069 -3.619925 0.587546 0.774531 -3.806947 7
tri 0.396869 -0.923911 -3.485905 0.323871 -1.016185 -3.768057 0.472199 -0.933686 -3.472147 7
tri 0.472199 -0.933686 -3.472147 0.323871 -1.016185 -3.768057 0.707691 -1.016793 -3.899671 7
tri 0.581620 -1.005598 -3.252920 0.412778 -0.943099 -3.421399 0.472199 -0.933686 -3.472147 7
tri 0.581620 -1.005598 -3.252920 0.472199 -0.933686 -3.472147 0.772055 -0.919341 -3.495839 7
tri 0.412778 -0.943099 -3.421399 0.396869 -0.923911 -3.485905 0.472199 -0.933686 -3.472147 7
tri 0.707691 -1.016793 -3.899671 0.581620 0.456189 -4.025809 0.785104 0.579495 -3.822325 7
tri 0.707691 -1.016793 -3.899671 0.785104 0.579495 -3.822325 0.839201 -1.006809 -3.767974 7
tri 0.581620 -1.005598 -3.252920 0.396869 -0.923911 -3.485905 0.412778 -0.943099 -3.421399 7
tri 0.581620 -1.005598 -3.252920 0.412778 -0.943099 -3.421399 0.396869 -0.923911 -3.485905 7
tri 0.581620 -1.005598 -3.252920 0.581620 0.928155 -3.252557 0.374737 0.810730 -3.460476 7
tri 0.581620 -1.005598 -3.252920 0.374737 0.810730 -3.460476 0.412778 -0.943099 -3.421399 7
tri 0.396869 -0.923911 -3.485905 0.412778 -0.943099 -3.421399 0.472199 -0.933686 -3.472147 7
tri 0.553186 0.703069 -3.619925 0.375775 0.580925 -3.819964 0.374737 0.810730 -3.460476 7
tri 0.772055 -0.919341 -3.495839 0.472199 -0.933686 -3.472147 0.839201 -1.006809 -3.767974 7
tri 0.472199 -0.933686 -3.472147 0.707691 -1.016793 -3.899671 0.839201 -1.006809 -3.767974 7
tri 0.374737 0.810730 -3.460476 0.581620 0.928155 -3.252557 0.591912 1.124181 -3.269496 7
tri 0.581620 0.456189 -4.025809 0.375775 0.580925 -3.819964 0.587546 0.774531 -3.806947 7
tri 0.375775 0.580925 -3.819964 0.194993 0.690473 -3.639183 0.374737 0.810730 -3.460476 7
tri 0.968246 0.690473 -3.639183 0.785104 0.579495 -3.822325 0.811722 0.863262 -3.506641 7
tri 0.811722 0.863262 -3.506641 0.553186 0.703069 -3.619925 0.581620 0.955506 -3.510308 7
tri 0.811722 0.863262 -3.506641 0.581620 0.955506 -3.510308 0.591912 1.124181 -3.269496 7
tri 0.553186 0.703069 -3.619925 0.374737 0.810730 -3.460476 0.591912 1.124181 -3.269496 7
tri 0.553186 0.703069 -3.619925 0.591912 1.124181 -3.269496 0.581620 0.955506 -3.510308 7
tri 0.553186 0.703069 -3.619925 0.785104 0.579495 -3.822325 0.587546 0.774531 -3.806947 7
tri 0.785104 0.579495 -3.822325 0.581620 0.456189 -4.025809 0.587546 0.774531 -3.806947 7
tri 0.581620 0.928155 -3.252557 0.811722 0.863262 -3.506641 0.591912 1.124181 -3.269496 7
tri 0.785104 0.579495 -3.822325 0.553186 0.703069 -3.619925 0.811722 0.863262 -3.506641 7
tri 0.772055 -0.919341 -3.495839 0.811722 0.863262 -3.506641 0.553186 0.703069 -3.619925 7
tri 0.472199 -0.933686 -3.472147 0.553186 0.703069 -3.619925 0.396869 -0.923911 -3.485905 7
tri 0.412778 -0.943099 -3.421399 0.374737 0.810730 -3.460476 0.553186 0.703069 -3.619925 7
tri 0.412778 -0.943099 -3.421399 0.553186 0.703069 -3.619925 0.472199 -0.933686 -3.472147 7
tri 0.374737 0.810730 -3.460476 0.396869 -0.923911 -3.485905 0.553186 0.703069 -3.619925 7
tri -10.000000 -2.000000 -10.000000 10.000000 -2.000000 -10.000000 10.000000 -2.000000 10.000000 9
tri -10.000000 -2.000000 -10.000000 10.000000 -2.000000 10.000000 -10.000000 -2.000000 10.000000 9
tri -10.000000 8.000000 10.000000 10.000000 8.000000 10.000000 10.000000 8.000000 -10.000000 11
tri -10.000000 8.000000 10.000000 10.000000 8.000000 -10.000000 -10.000000 8.000000 -10.000000 11
tri -10.000000 -2.000000 10.000000 10.000000 -2.000000 10.000000 10.000000 8.000000 10.000000 10
tri -10.000000 -2.000000 10.000000 10.000000 8.000000 10.000000 -10.000000 8.000000 10.000000 10
tri -10.000000 -2.000000 -10.000000 -10.000000 8.000000 -10.000000 -3.333333 8.000000 -10.000000 10
tri -10.000000 -2.000000 -10.000000 -3.333333 8.000000 -10.000000 -3.333333 -2.000000 -10.000000 10
tri 3.333333 -2.000000 -10.000000 3.333333 8.000000 -10.000000 10.000000 8.000000 -10.000000 10
tri 3.333333 -2.000000 -10.000000 10.000000 8.000000 -10.000000 10.000000 -2.000000 -10.000000 10
tri -3.333333 4.000000 -10.000000 -3.333333 8.000000 -10.000000 3.333333 8.000000 -10.000000 10
tri -3.333333 4.000000 -10.000000 3.333333 8.000000 -10.000000 3.333333 4.000000 -10.000000 10
tri -10.000000 -2.000000 10.000000 -10.000000 8.000000 10.000000 -10.000000 8.000000 -10.000000 10
tri -10.000000 -2.000000 10.000000 -10.000000 8.000000 -10.000000 -10.000000 -2.000000 -10.000000 10
tri 10.000000 -2.000000 -10.000000 10.000000 8.000000 -10.000000 10.000000 8.000000 10.000000 10
tri 10.000000 -2.000000 -10.000000 10.000000 8.000000 10.000000 10.000000 -2.000000 10.000000 10
tri -2.000000 7.990000 -2.000000 -2.000000 7.990000 2.000000 2.000000 7.990000 2.000000 12
tri -2.000000 7.990000 -2.000000 2.000000 7.990000 2.000000 2.000000 7.990000 -2.000000 12
